-- MySQL dump 10.13  Distrib 5.6.24, for linux-glibc2.5 (x86_64)
--
-- Host: localhost    Database: form_builder
-- ------------------------------------------------------
-- Server version	5.5.44-0ubuntu0.14.04.1

/*!40101 SET @OLD_CHARACTER_SET_CLIENT=@@CHARACTER_SET_CLIENT */;
/*!40101 SET @OLD_CHARACTER_SET_RESULTS=@@CHARACTER_SET_RESULTS */;
/*!40101 SET @OLD_COLLATION_CONNECTION=@@COLLATION_CONNECTION */;
/*!40101 SET NAMES utf8 */;
/*!40103 SET @OLD_TIME_ZONE=@@TIME_ZONE */;
/*!40103 SET TIME_ZONE='+00:00' */;
/*!40014 SET @OLD_UNIQUE_CHECKS=@@UNIQUE_CHECKS, UNIQUE_CHECKS=0 */;
/*!40014 SET @OLD_FOREIGN_KEY_CHECKS=@@FOREIGN_KEY_CHECKS, FOREIGN_KEY_CHECKS=0 */;
/*!40101 SET @OLD_SQL_MODE=@@SQL_MODE, SQL_MODE='NO_AUTO_VALUE_ON_ZERO' */;
/*!40111 SET @OLD_SQL_NOTES=@@SQL_NOTES, SQL_NOTES=0 */;

--
-- Table structure for table `data_type`
--

DROP TABLE IF EXISTS `data_type`;
/*!40101 SET @saved_cs_client     = @@character_set_client */;
/*!40101 SET character_set_client = utf8 */;
CREATE TABLE `data_type` (
  `id` int(11) NOT NULL,
  `name` varchar(45) NOT NULL,
  PRIMARY KEY (`id`)
) ENGINE=InnoDB DEFAULT CHARSET=latin1;
/*!40101 SET character_set_client = @saved_cs_client */;

--
-- Dumping data for table `data_type`
--

LOCK TABLES `data_type` WRITE;
/*!40000 ALTER TABLE `data_type` DISABLE KEYS */;
INSERT INTO `data_type` VALUES (1,'string'),(2,'number'),(3,'array');
/*!40000 ALTER TABLE `data_type` ENABLE KEYS */;
UNLOCK TABLES;

--
-- Table structure for table `input_type`
--

DROP TABLE IF EXISTS `input_type`;
/*!40101 SET @saved_cs_client     = @@character_set_client */;
/*!40101 SET character_set_client = utf8 */;
CREATE TABLE `input_type` (
  `id` int(11) NOT NULL AUTO_INCREMENT,
  `name` varchar(100) NOT NULL,
  `enabled` tinyint(4) NOT NULL DEFAULT '1',
  PRIMARY KEY (`id`)
) ENGINE=InnoDB AUTO_INCREMENT=10 DEFAULT CHARSET=latin1;
/*!40101 SET character_set_client = @saved_cs_client */;

--
-- Dumping data for table `input_type`
--

LOCK TABLES `input_type` WRITE;
/*!40000 ALTER TABLE `input_type` DISABLE KEYS */;
INSERT INTO `input_type` VALUES (1,'Date',1),(2,'Checkbox',1),(3,'Dropdown',1),(4,'Hidden',1),(5,'Numpad',1),(6,'Radio',1),(7,'Text',1),(8,'TextArea',1),(9,'Label',1);
/*!40000 ALTER TABLE `input_type` ENABLE KEYS */;
UNLOCK TABLES;

--
-- Table structure for table `languages`
--

DROP TABLE IF EXISTS `languages`;
/*!40101 SET @saved_cs_client     = @@character_set_client */;
/*!40101 SET character_set_client = utf8 */;
CREATE TABLE `languages` (
  `id` int(11) NOT NULL AUTO_INCREMENT,
  `name` varchar(150) NOT NULL,
  `iso6391` varchar(2) NOT NULL,
  `iso6392` varchar(3) NOT NULL,
  `enabled` tinyint(4) NOT NULL DEFAULT '1',
  PRIMARY KEY (`id`)
) ENGINE=InnoDB AUTO_INCREMENT=5 DEFAULT CHARSET=latin1;
/*!40101 SET character_set_client = @saved_cs_client */;

--
-- Dumping data for table `languages`
--

LOCK TABLES `languages` WRITE;
/*!40000 ALTER TABLE `languages` DISABLE KEYS */;
INSERT INTO `languages` VALUES (1,'English','en','eng',1),(2,'Tagalog','tl','tgl',1),(3,'Bengali','bn','ben',1),(4,'Sri Lanka','si','sin',1);
/*!40000 ALTER TABLE `languages` ENABLE KEYS */;
UNLOCK TABLES;

--
-- Table structure for table `options`
--

DROP TABLE IF EXISTS `options`;
/*!40101 SET @saved_cs_client     = @@character_set_client */;
/*!40101 SET character_set_client = utf8 */;
CREATE TABLE `options` (
  `id` int(11) NOT NULL AUTO_INCREMENT,
  `name` varchar(250) NOT NULL,
  `default_language` int(11) DEFAULT NULL,
  `enabled` int(11) NOT NULL DEFAULT '1',
  PRIMARY KEY (`id`),
  UNIQUE KEY `name_UNIQUE` (`name`),
  KEY `fk_options_1_idx` (`default_language`),
  CONSTRAINT `fk_options_1` FOREIGN KEY (`default_language`) REFERENCES `languages` (`id`) ON DELETE NO ACTION ON UPDATE NO ACTION
) ENGINE=InnoDB AUTO_INCREMENT=342 DEFAULT CHARSET=latin1;
/*!40101 SET character_set_client = @saved_cs_client */;

--
-- Dumping data for table `options`
--

LOCK TABLES `options` WRITE;
/*!40000 ALTER TABLE `options` DISABLE KEYS */;
INSERT INTO `options` VALUES (1,'District',1,1),(2,'Bagerhat Upazila',1,1),(3,'Bandarban Upazila',1,1),(4,'Barguna Upazila',1,1),(5,'Barisal Upazila',1,1),(6,'Bhola Upazila',1,1),(7,'Bogra Upazila',1,1),(8,'Brahmanbaria Upazila',1,1),(9,'Chandpur Upazila',1,1),(10,'Chapai Nawabganj Upazila',1,1),(11,'Chittagong Upazila',1,1),(12,'Chuadanga Upazila',1,1),(13,'Comilla Upazila',1,1),(14,'Cox\'s Bazar Upazila',1,1),(15,'Dhaka Upazila',1,1),(16,'Dinajpur Upazila',1,1),(17,'Faridpur Upazila',1,1),(18,'Feni Upazila',1,1),(19,'Gaibandha Upazila',1,1),(20,'Gazipur Upazila',1,1),(21,'Gopalganj Upazila',1,1),(22,'Habiganj Upazila',1,1),(23,'Jamalpur Upazila',1,1),(24,'Jessore Upazila',1,1),(25,'Jhalokathi Upazila',1,1),(26,'Jhenaidah Upazila',1,1),(27,'Joypurhat Upazila',1,1),(28,'Khagrachari Upazila',1,1),(29,'Khulna Upazila',1,1),(30,'Kishoreganj Upazila',1,1),(31,'Kurigram Upazila',1,1),(32,'Kushtia Upazila',1,1),(33,'Lakshmipur Upazila',1,1),(34,'Lalmonirhat Upazila',1,1),(35,'Madaripur Upazila',1,1),(36,'Magura Upazila',1,1),(37,'Manikganj Upazila',1,1),(38,'Maulvibazar Upazila',1,1),(39,'Meherpur Upazila',1,1),(40,'Munshiganj Upazila',1,1),(41,'Mymensingh Upazila',1,1),(42,'Naogaon Upazila',1,1),(43,'Narail Upazila',1,1),(44,'Narayanganj Upazila',1,1),(45,'Narsingdi Upazila',1,1),(46,'Natore Upazila',1,1),(47,'Netrokona Upazila',1,1),(48,'Nilphamari Upazila',1,1),(49,'Noakhali Upazila',1,1),(50,'Pabna Upazila',1,1),(51,'Panchagarh Upazila',1,1),(52,'Patuakhali Upazila',1,1),(53,'Pirojpur Upazila',1,1),(54,'Rajbari Upazila',1,1),(55,'Rajshahi Upazila',1,1),(56,'Rangamati Upazila',1,1),(57,'Rangpur Upazila',1,1),(58,'Satkhira Upazila',1,1),(59,'Shariatpur Upazila',1,1),(60,'Sherpur Upazila',1,1),(61,'Sirajganj Upazila',1,1),(62,'Sunamganj Upazila',1,1),(63,'Sylhet Upazila',1,1),(64,'Tangail Upazila',1,1),(65,'Thakurgaon Upazila',1,1),(66,'Barguna Amtali Union',1,1),(67,'Barguna Bamna Union',1,1),(68,'Barguna Barguna Sadar Union',1,1),(69,'Barguna Betagi Union',1,1),(70,'Barguna Patharghata Union',1,1),(71,'Barisal Agailjhara Union',1,1),(72,'Barisal Babuganj Union',1,1),(73,'Barisal Bakerganj Union',1,1),(74,'Barisal Banaripara Union',1,1),(75,'Barisal Barisal Sadar Union',1,1),(76,'Barisal Gaurnadi Union',1,1),(77,'Barisal Hizla Union',1,1),(78,'Barisal Mehendiganj Union',1,1),(79,'Barisal Muladi Union',1,1),(80,'Barisal Wazirpur Union',1,1),(81,'Dinajpur Biral Union',1,1),(82,'Dinajpur Birampur Union',1,1),(83,'Dinajpur Birganj Union',1,1),(84,'Dinajpur Bochaganj Union',1,1),(85,'Dinajpur Chirirbandar Union',1,1),(86,'Dinajpur Dinajpur Sadar Union',1,1),(87,'Dinajpur Ghoraghat Union',1,1),(88,'Dinajpur Hakimpur Union',1,1),(89,'Dinajpur Kaharole Union',1,1),(90,'Dinajpur Khansama Union',1,1),(91,'Dinajpur Nawabganj Union',1,1),(92,'Dinajpur Parbatipur Union',1,1),(93,'Dinajpur Phulbari Union',1,1),(94,'Faridpur Alfadanga Union',1,1),(95,'Faridpur Bhanga Union',1,1),(96,'Faridpur Boalmari Union',1,1),(97,'Faridpur Char Bhadrasan Union',1,1),(98,'Faridpur Faridpur Sadar Union',1,1),(99,'Faridpur Madhukhali Union',1,1),(100,'Faridpur Nagarkanda Union',1,1),(101,'Faridpur Sadarpur Union',1,1),(102,'Faridpur Saltha Union',1,1),(103,'Gazipur Gazipur Sadar Union',1,1),(104,'Gazipur Kaliakair Union',1,1),(105,'Gazipur Kaliganj Union',1,1),(106,'Gazipur Kapasia Union',1,1),(107,'Gazipur Sreepur Union',1,1),(108,'Gopalganj Gopalganj Sadar Union',1,1),(109,'Gopalganj Kashiani Union',1,1),(110,'Gopalganj Kotalipara Union',1,1),(111,'Gopalganj Muksudpur Union',1,1),(112,'Gopalganj Tungipara Union',1,1),(113,'Jamalpur Bakshiganj Union',1,1),(114,'Jamalpur Dewanganj Union',1,1),(115,'Jamalpur Islampur Union',1,1),(116,'Jamalpur Jamalpur Sadar Union',1,1),(117,'Jamalpur Madarganj Union',1,1),(118,'Jamalpur Melandaha Union',1,1),(119,'Jamalpur Sarishabari Union',1,1),(120,'Kishoreganj Austagram Union',1,1),(121,'Kishoreganj Bajitpur Union',1,1),(122,'Kishoreganj Bhairab Union',1,1),(123,'Kishoreganj Hossainpur Union',1,1),(124,'Kishoreganj Itna Union',1,1),(125,'Kishoreganj Karimganj Union',1,1),(126,'Kishoreganj Katiadi Union',1,1),(127,'Kishoreganj Kishoreganj Sadar Union',1,1),(128,'Kishoreganj Kuliarchar Union',1,1),(129,'Kishoreganj Mithamain Union',1,1),(130,'Kishoreganj Nikli Union',1,1),(131,'Kishoreganj Pakundia Union',1,1),(132,'Kishoreganj Tarail Union',1,1),(133,'Kurigram Bhurungamari Union',1,1),(134,'Kurigram Char Rajibpur Union',1,1),(135,'Kurigram Chilmari Union',1,1),(136,'Kurigram Kurigram Sadar Union',1,1),(137,'Kurigram Nageshwari Union',1,1),(138,'Kurigram Phulbari Union',1,1),(139,'Kurigram Rajarhat Union',1,1),(140,'Kurigram Raomari Union',1,1),(141,'Kurigram Ulipur Union',1,1),(142,'Madaripur Kalkini Union',1,1),(143,'Madaripur Madaripur Sadar Union',1,1),(144,'Madaripur Rajoir Union',1,1),(145,'Madaripur Shibchar Union',1,1),(146,'Manikganj Daulatpur Union',1,1),(147,'Manikganj Ghior Union',1,1),(148,'Manikganj Harirampur Union',1,1),(149,'Manikganj Manikganj Sadar Union',1,1),(150,'Manikganj Saturia Union',1,1),(151,'Manikganj Shivalaya Union',1,1),(152,'Manikganj Singair Union',1,1),(153,'Mymensingh Bhaluka Union',1,1),(154,'Mymensingh Dhobaura Union',1,1),(155,'Mymensingh Fulbaria Union',1,1),(156,'Mymensingh Gaffargaon Union',1,1),(157,'Mymensingh Gauripur Union',1,1),(158,'Mymensingh Haluaghat Union',1,1),(159,'Mymensingh Ishwarganj Union',1,1),(160,'Mymensingh Muktagachha Union',1,1),(161,'Mymensingh Mymensingh Sadar Union',1,1),(162,'Mymensingh Nandail Union',1,1),(163,'Mymensingh Phulpur Union',1,1),(164,'Mymensingh Trishal Union',1,1),(165,'Narayanganj Araihazar Union',1,1),(166,'Narayanganj Bandar Union',1,1),(167,'Narayanganj Narayanganj Sadar Union',1,1),(168,'Narayanganj Rupganj Union',1,1),(169,'Narayanganj Sonargaon Union',1,1),(170,'Narsingdi Belabo Union',1,1),(171,'Narsingdi Monohardi Union',1,1),(172,'Narsingdi Narsingdi Sadar Union',1,1),(173,'Narsingdi Palash Union',1,1),(174,'Narsingdi Raipura Union',1,1),(175,'Narsingdi Shibpur Union',1,1),(176,'Natore Singra Union',1,1),(177,'Netrokona Atpara Union',1,1),(178,'Netrokona Barhatta Union',1,1),(179,'Netrokona Durgapur Union',1,1),(180,'Netrokona Kalmakanda Union',1,1),(181,'Netrokona Kendua Union',1,1),(182,'Netrokona Khaliajuri Union',1,1),(183,'Netrokona Madan Union',1,1),(184,'Netrokona Mohanganj Union',1,1),(185,'Netrokona Netrokona Sadar Union',1,1),(186,'Netrokona Purbadhala Union',1,1),(187,'Nilphamari Dimla Union',1,1),(188,'Nilphamari Domar Union',1,1),(189,'Nilphamari Jaldhaka Union',1,1),(190,'DistrictKishoreganj Union',1,1),(191,'Nilphamari Nilphamari Sadar Union',1,1),(192,'Nilphamari Saidpur Union',1,1),(193,'Patuakhali Bauphal Union',1,1),(194,'Patuakhali Dasmina Union',1,1),(195,'Patuakhali Galachipa Union',1,1),(196,'Patuakhali Kalapara Union',1,1),(197,'Patuakhali Mirzaganj Union',1,1),(198,'Patuakhali Patuakhali Sadar Union',1,1),(199,'Rajbari Baliakandi Union',1,1),(200,'Rajbari Goalandaghat Union',1,1),(201,'Rajbari Kalukhali Union',1,1),(202,'Rajbari Pangsha Union',1,1),(203,'Rajbari Rajbari Sadar Union',1,1),(204,'Rajshahi Bagha Union',1,1),(205,'Rajshahi Bagmara Union',1,1),(206,'Rajshahi Charghat Union',1,1),(207,'Rajshahi Durgapur Union',1,1),(208,'Rajshahi Godagari Union',1,1),(209,'Rajshahi Mohanpur Union',1,1),(210,'Rajshahi Paba Union',1,1),(211,'Rajshahi Puthia Union',1,1),(212,'Rajshahi Tanore Union',1,1),(213,'Rangpur Badarganj Union',1,1),(214,'Rangpur Gangachhara Union',1,1),(215,'Rangpur Kaunia Union',1,1),(216,'Rangpur Mithapukur Union',1,1),(217,'Rangpur Pirgachha Union',1,1),(218,'Rangpur Pirganj Union',1,1),(219,'Rangpur Rangpur Sadar Union',1,1),(220,'Rangpur Taraganj Union',1,1),(221,'Tangail Basail Union',1,1),(222,'Tangail Bhuapur Union',1,1),(223,'Tangail Delduar Union',1,1),(224,'Tangail Dhanbari Union',1,1),(225,'Tangail Ghatail Union',1,1),(226,'Tangail Gopalpur Union',1,1),(227,'Tangail Kalihati Union',1,1),(228,'Tangail Madhupur Union',1,1),(229,'Tangail Mirzapur Union',1,1),(230,'Tangail Nagarpur Union',1,1),(231,'Tangail Sakhipur Union',1,1),(232,'Tangail Tangail Sadar Union',1,1),(233,'Patuakhali Dumki Union',1,1),(234,'Seasons',1,1),(235,'Season Rabi',1,1),(236,'Season Karif 1',1,1),(237,'Season Rabi Months',1,1),(238,'Season Kharif 1',1,1),(239,'Season October Week',1,1),(240,'Season November Week',1,1),(241,'Season December Week',1,1),(242,'Season January Week',1,1),(243,'Season February Week',1,1),(244,'Season March Week',1,1),(245,'Yes or No',1,1),(246,'Crop Rabi',1,1),(247,'Crop Kharif 1',1,1),(248,'Description Info',1,1),(249,'Height of Rice Stems',1,1),(250,'Rabi Maize',1,1),(251,'Soil Type',1,1),(252,'P Fertilizer',1,1),(253,'Land Position',1,1),(254,'Rec Minimum',1,1),(255,'Pi Option',1,1),(256,'Farm Age',1,1),(257,'Gender',1,1),(258,'Education Level',1,1),(259,'Main Occupation',1,1),(260,'Profession',1,1),(261,'Supply',1,1),(262,'Manage Potato Harvest',1,1),(263,'Logging',1,1),(264,'Growth Duration',1,1),(265,'Crop Type',1,1),(266,'Rice Growing Conditions',1,1),(267,'Rice Crop Established',1,1),(268,'Months',1,1),(269,'Sown Harvest Days',1,1),(270,'Seedling Age Transplanting',1,1),(271,'Dry Weight Basis',1,1),(272,'Crop Grown Before Rice Crop',1,1),(273,'Crops This Year',1,1),(274,'Season Recommendation',1,1),(275,'Major Crop',1,1),(276,'Describe Season',1,1),(277,'Establish Rice',1,1),(289,'Rice Establish Season',1,1),(290,'Establish Rice Wet Seeding',1,1),(291,'Establish Rice Dry Seeding',1,1),(310,'Growth Duration Variety',1,1),(311,'Describe Rice Field',1,1),(312,'Harvest Immediate Season',1,1),(313,'Control Weeds',1,1),(314,'Zinc Sulfate',1,1),(315,'Operating Rice Crop Manager',1,1),(317,'Profession Operator',1,1),(318,'Maize Growing Conditions',1,1),(319,'Maize Variety',1,1),(320,'Expected Grain Dry Weight Basis',1,1),(321,'Hybrid and Partially Irrigated Grain Yield',1,1),(322,'Open Pollinated Variety and Rainfed',1,1),(323,'Open Pollinated Variety and Partially Irrigated',1,1),(324,'Fertilizer Applied',1,1),(325,'Wheat Growing Conditions',1,1),(326,'Wheat From Establishment to Harvest',1,1),(327,'Rainfed Yield',1,1),(328,'Grain Yield Dry Weight Basis',1,1),(329,'Legume Crop',1,1),(330,'Hectare or Acre',1,1),(331,'Kg or Bushel',1,1),(332,'Kilogram Bushel Bag',1,1),(333,'Manual or Combine Harvesst',1,1),(334,'Residue crop',1,1),(335,'Straw Previous Crop',1,1),(336,'Height of stems',1,1),(337,'Straw Managed',1,1),(338,'Phosporus',1,1),(339,'Nutrient Manager Countries',1,1),(340,'India State',1,1),(341,'Test to add 123',1,1);
/*!40000 ALTER TABLE `options` ENABLE KEYS */;
UNLOCK TABLES;

--
-- Table structure for table `options_item`
--

DROP TABLE IF EXISTS `options_item`;
/*!40101 SET @saved_cs_client     = @@character_set_client */;
/*!40101 SET character_set_client = utf8 */;
CREATE TABLE `options_item` (
  `id` int(11) NOT NULL AUTO_INCREMENT,
  `options_id` int(11) NOT NULL,
  PRIMARY KEY (`id`),
  KEY `fk_options_item_2_idx` (`options_id`),
  CONSTRAINT `fk_options_item_2` FOREIGN KEY (`options_id`) REFERENCES `options` (`id`) ON DELETE CASCADE ON UPDATE NO ACTION
) ENGINE=InnoDB AUTO_INCREMENT=23230 DEFAULT CHARSET=latin1;
/*!40101 SET character_set_client = @saved_cs_client */;

--
-- Dumping data for table `options_item`
--

LOCK TABLES `options_item` WRITE;
/*!40000 ALTER TABLE `options_item` DISABLE KEYS */;
INSERT INTO `options_item` VALUES (1,1),(2,1),(3,1),(4,1),(5,1),(6,1),(7,1),(8,1),(9,1),(10,1),(11,1),(12,1),(13,1),(14,1),(15,1),(16,1),(17,1),(18,1),(19,1),(20,1),(21,1),(22,1),(23,1),(24,1),(25,1),(26,1),(27,1),(28,1),(29,1),(30,1),(31,1),(32,1),(33,1),(34,1),(35,1),(36,1),(37,1),(38,1),(39,1),(40,1),(41,1),(42,1),(43,1),(44,1),(45,1),(46,1),(47,1),(48,1),(49,1),(50,1),(51,1),(52,1),(53,1),(54,1),(55,1),(56,1),(57,1),(58,1),(59,1),(60,1),(61,1),(62,1),(63,1),(64,1),(20860,2),(20861,2),(20862,2),(20863,2),(20864,2),(20865,2),(20866,2),(20867,2),(20868,2),(20869,3),(20870,3),(20871,3),(20872,3),(20873,3),(20874,3),(20875,3),(20876,4),(20877,4),(20878,4),(20879,4),(20880,4),(20881,5),(20882,5),(20883,5),(20884,5),(20885,5),(20886,5),(20887,5),(20888,5),(20889,5),(20890,5),(20891,6),(20892,6),(20893,6),(20894,6),(20895,6),(20896,6),(20897,6),(20898,7),(20899,7),(20900,7),(20901,7),(20902,7),(20903,7),(20904,7),(20905,7),(20906,7),(20907,7),(20908,7),(20909,7),(20910,8),(20911,8),(20912,8),(20913,8),(20914,8),(20915,8),(20916,8),(20917,8),(20918,9),(20919,9),(20920,9),(20921,9),(20922,9),(20923,9),(20924,9),(20925,9),(20926,10),(20927,10),(20928,10),(20929,10),(20930,10),(20931,11),(20932,11),(20933,11),(20934,11),(20935,11),(20936,11),(20937,11),(20938,11),(20939,11),(20940,11),(20941,11),(20942,11),(20943,11),(20944,11),(20945,12),(20946,12),(20947,12),(20948,12),(20949,13),(20950,13),(20951,13),(20952,13),(20953,13),(20954,13),(20955,13),(20956,13),(20957,13),(20958,13),(20959,13),(20960,13),(20961,13),(20962,13),(20963,13),(20964,14),(20965,14),(20966,14),(20967,14),(20968,14),(20969,14),(20970,14),(20971,15),(20972,15),(20973,15),(20974,15),(20975,15),(20976,16),(20977,16),(20978,16),(20979,16),(20980,16),(20981,16),(20982,16),(20983,16),(20984,16),(20985,16),(20986,16),(20987,16),(20988,16),(20989,17),(20990,17),(20991,17),(20992,17),(20993,17),(20994,17),(20995,17),(20996,17),(20997,17),(20998,18),(20999,18),(21000,18),(21001,18),(21002,18),(21003,18),(21004,19),(21005,19),(21006,19),(21007,19),(21008,19),(21009,19),(21010,19),(21011,20),(21012,20),(21013,20),(21014,20),(21015,20),(21016,21),(21017,21),(21018,21),(21019,21),(21020,21),(21021,22),(21022,22),(21023,22),(21024,22),(21025,22),(21026,22),(21027,22),(21028,22),(21029,23),(21030,23),(21031,23),(21032,23),(21033,23),(21034,23),(21035,23),(21036,24),(21037,24),(21038,24),(21039,24),(21040,24),(21041,24),(21042,24),(21043,24),(21044,25),(21045,25),(21046,25),(21047,25),(21048,26),(21049,26),(21050,26),(21051,26),(21052,26),(21053,26),(21054,27),(21055,27),(21056,27),(21057,27),(21058,27),(21059,28),(21060,28),(21061,28),(21062,28),(21063,28),(21064,28),(21065,28),(21066,28),(21067,29),(21068,29),(21069,29),(21070,29),(21071,29),(21072,29),(21073,29),(21074,29),(21075,29),(21076,30),(21077,30),(21078,30),(21079,30),(21080,30),(21081,30),(21082,30),(21083,30),(21084,30),(21085,30),(21086,30),(21087,30),(21088,30),(21089,31),(21090,31),(21091,31),(21092,31),(21093,31),(21094,31),(21095,31),(21096,31),(21097,31),(21098,32),(21099,32),(21100,32),(21101,32),(21102,32),(21103,32),(21104,33),(21105,33),(21106,33),(21107,33),(21108,33),(21109,34),(21110,34),(21111,34),(21112,34),(21113,34),(21114,35),(21115,35),(21116,35),(21117,35),(21118,36),(21119,36),(21120,36),(21121,36),(21122,37),(21123,37),(21124,37),(21125,37),(21126,37),(21127,37),(21128,37),(21129,38),(21130,38),(21131,38),(21132,38),(21133,38),(21134,38),(21135,38),(21136,39),(21137,39),(21138,39),(21139,40),(21140,40),(21141,40),(21142,40),(21143,40),(21144,40),(21145,41),(21146,41),(21147,41),(21148,41),(21149,41),(21150,41),(21151,41),(21152,41),(21153,41),(21154,41),(21155,41),(21156,41),(21157,42),(21158,42),(21159,42),(21160,42),(21161,42),(21162,42),(21163,42),(21164,42),(21165,42),(21166,42),(21167,42),(21168,43),(21169,43),(21170,43),(21171,44),(21172,44),(21173,44),(21174,44),(21175,44),(21176,45),(21177,45),(21178,45),(21179,45),(21180,45),(21181,45),(21182,46),(21183,46),(21184,46),(21185,46),(21186,46),(21187,46),(21188,47),(21189,47),(21190,47),(21191,47),(21192,47),(21193,47),(21194,47),(21195,47),(21196,47),(21197,47),(21198,48),(21199,48),(21200,48),(21201,48),(21202,48),(21203,48),(21204,49),(21205,49),(21206,49),(21207,49),(21208,49),(21209,49),(21210,49),(21211,49),(21212,49),(21213,49),(21214,50),(21215,50),(21216,50),(21217,50),(21218,50),(21219,50),(21220,50),(21221,50),(21222,50),(21223,51),(21224,51),(21225,51),(21226,51),(21227,51),(21228,52),(21229,52),(21230,52),(21231,52),(21232,52),(21233,52),(21234,52),(21235,53),(21236,53),(21237,53),(21238,53),(21239,53),(21240,53),(21241,53),(21242,54),(21243,54),(21244,54),(21245,54),(21246,54),(21247,55),(21248,55),(21249,55),(21250,55),(21251,55),(21252,55),(21253,55),(21254,55),(21255,55),(21256,56),(21257,56),(21258,56),(21259,56),(21260,56),(21261,56),(21262,56),(21263,56),(21264,56),(21265,56),(21266,57),(21267,57),(21268,57),(21269,57),(21270,57),(21271,57),(21272,57),(21273,57),(21274,58),(21275,58),(21276,58),(21277,58),(21278,58),(21279,58),(21280,58),(21281,59),(21282,59),(21283,59),(21284,59),(21285,59),(21286,59),(21287,60),(21288,60),(21289,60),(21290,60),(21291,60),(21292,61),(21293,61),(21294,61),(21295,61),(21296,61),(21297,61),(21298,61),(21299,61),(21300,61),(21301,62),(21302,62),(21303,62),(21304,62),(21305,62),(21306,62),(21307,62),(21308,62),(21309,62),(21310,62),(21311,63),(21312,63),(21313,63),(21314,63),(21315,63),(21316,63),(21317,63),(21318,63),(21319,63),(21320,63),(21321,63),(21322,64),(21323,64),(21324,64),(21325,64),(21326,64),(21327,64),(21328,64),(21329,64),(21330,64),(21331,64),(21332,64),(21333,64),(21334,65),(21335,65),(21336,65),(21337,65),(21338,65),(21339,66),(21340,66),(21341,66),(21342,66),(21343,66),(21344,66),(21345,66),(21346,66),(21347,66),(21348,66),(21349,67),(21350,67),(21351,67),(21352,67),(21353,68),(21354,68),(21355,68),(21356,68),(21357,68),(21358,68),(21359,68),(21360,68),(21361,68),(21362,68),(21363,69),(21364,69),(21365,69),(21366,69),(21367,69),(21368,69),(21369,69),(21370,70),(21371,70),(21372,70),(21373,70),(21374,70),(21375,70),(21376,70),(21377,71),(21378,71),(21379,71),(21380,71),(21381,71),(21382,72),(21383,72),(21384,72),(21385,72),(21386,72),(21387,72),(21388,73),(21389,73),(21390,73),(21391,73),(21392,73),(21393,73),(21394,73),(21395,73),(21396,73),(21397,73),(21398,73),(21399,73),(21400,73),(21401,73),(21402,74),(21403,74),(21404,74),(21405,74),(21406,74),(21407,74),(21408,74),(21409,74),(21410,75),(21411,75),(21412,75),(21413,75),(21414,75),(21415,75),(21416,75),(21417,75),(21418,75),(21419,75),(21420,76),(21421,76),(21422,76),(21423,76),(21424,76),(21425,76),(21426,76),(21427,77),(21428,77),(21429,77),(21430,77),(21431,77),(21432,77),(21433,77),(21434,78),(21435,78),(21436,78),(21437,78),(21438,78),(21439,78),(21440,78),(21441,78),(21442,78),(21443,78),(21444,78),(21445,78),(21446,78),(21447,79),(21448,79),(21449,79),(21450,79),(21451,79),(21452,79),(21453,79),(21454,80),(21455,80),(21456,80),(21457,80),(21458,80),(21459,80),(21460,80),(21461,80),(21462,80),(21463,81),(21464,81),(21465,81),(21466,81),(21467,81),(21468,81),(21469,81),(21470,81),(21471,81),(21472,81),(21473,82),(21474,82),(21475,82),(21476,82),(21477,82),(21478,82),(21479,82),(21480,83),(21481,83),(21482,83),(21483,83),(21484,83),(21485,83),(21486,83),(21487,83),(21488,83),(21489,83),(21490,83),(21491,84),(21492,84),(21493,84),(21494,84),(21495,84),(21496,84),(21497,85),(21498,85),(21499,85),(21500,85),(21501,85),(21502,85),(21503,85),(21504,85),(21505,85),(21506,85),(21507,85),(21508,85),(21509,86),(21510,86),(21511,86),(21512,86),(21513,86),(21514,86),(21515,86),(21516,86),(21517,86),(21518,86),(21519,87),(21520,87),(21521,87),(21522,87),(21523,88),(21524,88),(21525,88),(21526,89),(21527,89),(21528,89),(21529,89),(21530,89),(21531,89),(21532,90),(21533,90),(21534,90),(21535,90),(21536,90),(21537,90),(21538,91),(21539,91),(21540,91),(21541,91),(21542,91),(21543,91),(21544,91),(21545,91),(21546,91),(21547,92),(21548,92),(21549,92),(21550,92),(21551,92),(21552,92),(21553,92),(21554,92),(21555,92),(21556,92),(21557,93),(21558,93),(21559,93),(21560,93),(21561,93),(21562,93),(21563,93),(21564,94),(21565,94),(21566,94),(21567,94),(21568,94),(21569,94),(21570,95),(21571,95),(21572,95),(21573,95),(21574,95),(21575,95),(21576,95),(21577,95),(21578,95),(21579,95),(21580,95),(21581,95),(21582,96),(21583,96),(21584,96),(21585,96),(21586,96),(21587,96),(21588,96),(21589,96),(21590,96),(21591,96),(21592,96),(21593,97),(21594,97),(21595,97),(21596,97),(21597,98),(21598,98),(21599,98),(21600,98),(21601,98),(21602,98),(21603,98),(21604,98),(21605,98),(21606,98),(21607,98),(21608,99),(21609,99),(21610,99),(21611,99),(21612,99),(21613,99),(21614,99),(21615,99),(21616,99),(21617,100),(21618,100),(21619,100),(21620,100),(21621,100),(21622,100),(21623,100),(21624,100),(21625,100),(21626,101),(21627,101),(21628,101),(21629,101),(21630,101),(21631,101),(21632,101),(21633,101),(21634,101),(21635,102),(21636,102),(21637,102),(21638,102),(21639,102),(21640,102),(21641,102),(21642,102),(21643,103),(21644,103),(21645,103),(21646,103),(21647,103),(21648,103),(21649,103),(21650,103),(21651,104),(21652,104),(21653,104),(21654,104),(21655,104),(21656,104),(21657,104),(21658,104),(21659,104),(21660,105),(21661,105),(21662,105),(21663,105),(21664,105),(21665,105),(21666,105),(21667,105),(21668,106),(21669,106),(21670,106),(21671,106),(21672,106),(21673,106),(21674,106),(21675,106),(21676,106),(21677,106),(21678,106),(21679,107),(21680,107),(21681,107),(21682,107),(21683,107),(21684,107),(21685,107),(21686,107),(21687,108),(21688,108),(21689,108),(21690,108),(21691,108),(21692,108),(21693,108),(21694,108),(21695,108),(21696,108),(21697,108),(21698,108),(21699,108),(21700,108),(21701,108),(21702,108),(21703,108),(21704,108),(21705,108),(21706,108),(21707,108),(21708,109),(21709,109),(21710,109),(21711,109),(21712,109),(21713,109),(21714,109),(21715,109),(21716,109),(21717,109),(21718,109),(21719,109),(21720,109),(21721,109),(21722,110),(21723,110),(21724,110),(21725,110),(21726,110),(21727,110),(21728,110),(21729,110),(21730,110),(21731,110),(21732,110),(21733,110),(21734,111),(21735,111),(21736,111),(21737,111),(21738,111),(21739,111),(21740,111),(21741,111),(21742,111),(21743,111),(21744,111),(21745,111),(21746,111),(21747,111),(21748,111),(21749,111),(21750,112),(21751,112),(21752,112),(21753,112),(21754,112),(21755,113),(21756,113),(21757,113),(21758,113),(21759,113),(21760,113),(21761,113),(21762,114),(21763,114),(21764,114),(21765,114),(21766,114),(21767,114),(21768,114),(21769,114),(21770,115),(21771,115),(21772,115),(21773,115),(21774,115),(21775,115),(21776,115),(21777,115),(21778,115),(21779,115),(21780,115),(21781,115),(21782,116),(21783,116),(21784,116),(21785,116),(21786,116),(21787,116),(21788,116),(21789,116),(21790,116),(21791,116),(21792,116),(21793,116),(21794,116),(21795,116),(21796,116),(21797,117),(21798,117),(21799,117),(21800,117),(21801,117),(21802,117),(21803,117),(21804,118),(21805,118),(21806,118),(21807,118),(21808,118),(21809,118),(21810,118),(21811,118),(21812,118),(21813,118),(21814,118),(21815,119),(21816,119),(21817,119),(21818,119),(21819,119),(21820,119),(21821,119),(21822,119),(21823,120),(21824,120),(21825,120),(21826,120),(21827,120),(21828,120),(21829,120),(21830,120),(21831,121),(21832,121),(21833,121),(21834,121),(21835,121),(21836,121),(21837,121),(21838,121),(21839,121),(21840,121),(21841,121),(21842,122),(21843,122),(21844,122),(21845,122),(21846,122),(21847,122),(21848,122),(21849,123),(21850,123),(21851,123),(21852,123),(21853,123),(21854,123),(21855,124),(21856,124),(21857,124),(21858,124),(21859,124),(21860,124),(21861,124),(21862,124),(21863,124),(21864,124),(21865,125),(21866,125),(21867,125),(21868,125),(21869,125),(21870,125),(21871,125),(21872,125),(21873,125),(21874,125),(21875,125),(21876,126),(21877,126),(21878,126),(21879,126),(21880,126),(21881,126),(21882,126),(21883,126),(21884,126),(21885,127),(21886,127),(21887,127),(21888,127),(21889,127),(21890,127),(21891,127),(21892,127),(21893,127),(21894,127),(21895,127),(21896,128),(21897,128),(21898,128),(21899,128),(21900,128),(21901,128),(21902,129),(21903,129),(21904,129),(21905,129),(21906,129),(21907,129),(21908,129),(21909,130),(21910,130),(21911,130),(21912,130),(21913,130),(21914,130),(21915,130),(21916,131),(21917,131),(21918,131),(21919,131),(21920,131),(21921,131),(21922,131),(21923,131),(21924,131),(21925,131),(21926,131),(21927,132),(21928,132),(21929,132),(21930,132),(21931,132),(21932,132),(21933,132),(21934,133),(21935,133),(21936,133),(21937,133),(21938,133),(21939,133),(21940,133),(21941,133),(21942,133),(21943,133),(21944,134),(21945,134),(21946,134),(21947,134),(21948,134),(21949,135),(21950,135),(21951,135),(21952,135),(21953,135),(21954,135),(21955,136),(21956,136),(21957,136),(21958,136),(21959,136),(21960,136),(21961,136),(21962,136),(21963,137),(21964,137),(21965,137),(21966,137),(21967,137),(21968,137),(21969,137),(21970,137),(21971,137),(21972,137),(21973,137),(21974,137),(21975,137),(21976,137),(21977,138),(21978,138),(21979,138),(21980,138),(21981,138),(21982,138),(21983,139),(21984,139),(21985,139),(21986,139),(21987,139),(21988,139),(21989,139),(21990,140),(21991,140),(21992,140),(21993,140),(21994,140),(21995,141),(21996,141),(21997,141),(21998,141),(21999,141),(22000,141),(22001,141),(22002,141),(22003,141),(22004,141),(22005,141),(22006,141),(22007,141),(22008,142),(22009,142),(22010,142),(22011,142),(22012,142),(22013,142),(22014,142),(22015,142),(22016,142),(22017,142),(22018,142),(22019,142),(22020,142),(22021,142),(22022,142),(22023,142),(22024,143),(22025,143),(22026,143),(22027,143),(22028,143),(22029,143),(22030,143),(22031,143),(22032,143),(22033,143),(22034,143),(22035,143),(22036,143),(22037,143),(22038,143),(22039,144),(22040,144),(22041,144),(22042,144),(22043,144),(22044,144),(22045,144),(22046,144),(22047,144),(22048,144),(22049,144),(22050,145),(22051,145),(22052,145),(22053,145),(22054,145),(22055,145),(22056,145),(22057,145),(22058,145),(22059,145),(22060,145),(22061,145),(22062,145),(22063,145),(22064,145),(22065,145),(22066,145),(22067,145),(22068,146),(22069,146),(22070,146),(22071,146),(22072,146),(22073,146),(22074,146),(22075,146),(22076,147),(22077,147),(22078,147),(22079,147),(22080,147),(22081,147),(22082,147),(22083,148),(22084,148),(22085,148),(22086,148),(22087,148),(22088,148),(22089,148),(22090,148),(22091,148),(22092,148),(22093,148),(22094,148),(22095,148),(22096,149),(22097,149),(22098,149),(22099,149),(22100,149),(22101,149),(22102,149),(22103,149),(22104,149),(22105,149),(22106,150),(22107,150),(22108,150),(22109,150),(22110,150),(22111,150),(22112,150),(22113,150),(22114,150),(22115,151),(22116,151),(22117,151),(22118,151),(22119,151),(22120,151),(22121,151),(22122,152),(22123,152),(22124,152),(22125,152),(22126,152),(22127,152),(22128,152),(22129,152),(22130,152),(22131,152),(22132,152),(22133,153),(22134,153),(22135,153),(22136,153),(22137,153),(22138,153),(22139,153),(22140,153),(22141,153),(22142,153),(22143,153),(22144,154),(22145,154),(22146,154),(22147,154),(22148,154),(22149,154),(22150,154),(22151,155),(22152,155),(22153,155),(22154,155),(22155,155),(22156,155),(22157,155),(22158,155),(22159,155),(22160,155),(22161,155),(22162,155),(22163,155),(22164,156),(22165,156),(22166,156),(22167,156),(22168,156),(22169,156),(22170,156),(22171,156),(22172,156),(22173,156),(22174,156),(22175,156),(22176,156),(22177,156),(22178,156),(22179,157),(22180,157),(22181,157),(22182,157),(22183,157),(22184,157),(22185,157),(22186,157),(22187,157),(22188,157),(22189,158),(22190,158),(22191,158),(22192,158),(22193,158),(22194,158),(22195,158),(22196,158),(22197,158),(22198,158),(22199,158),(22200,158),(22201,159),(22202,159),(22203,159),(22204,159),(22205,159),(22206,159),(22207,159),(22208,159),(22209,159),(22210,159),(22211,159),(22212,160),(22213,160),(22214,160),(22215,160),(22216,160),(22217,160),(22218,160),(22219,160),(22220,160),(22221,160),(22222,161),(22223,161),(22224,161),(22225,161),(22226,161),(22227,161),(22228,161),(22229,161),(22230,161),(22231,161),(22232,161),(22233,161),(22234,161),(22235,162),(22236,162),(22237,162),(22238,162),(22239,162),(22240,162),(22241,162),(22242,162),(22243,162),(22244,162),(22245,162),(22246,162),(22247,163),(22248,163),(22249,163),(22250,163),(22251,163),(22252,163),(22253,163),(22254,163),(22255,163),(22256,163),(22257,163),(22258,163),(22259,163),(22260,163),(22261,163),(22262,163),(22263,163),(22264,163),(22265,163),(22266,163),(22267,164),(22268,164),(22269,164),(22270,164),(22271,164),(22272,164),(22273,164),(22274,164),(22275,164),(22276,164),(22277,164),(22278,164),(22279,165),(22280,165),(22281,165),(22282,165),(22283,165),(22284,165),(22285,165),(22286,165),(22287,165),(22288,165),(22289,165),(22290,165),(22291,166),(22292,166),(22293,166),(22294,166),(22295,166),(22296,167),(22297,167),(22298,167),(22299,167),(22300,167),(22301,167),(22302,167),(22303,167),(22304,167),(22305,167),(22306,168),(22307,168),(22308,168),(22309,168),(22310,168),(22311,168),(22312,168),(22313,169),(22314,169),(22315,169),(22316,169),(22317,169),(22318,169),(22319,169),(22320,169),(22321,169),(22322,169),(22323,170),(22324,170),(22325,170),(22326,170),(22327,170),(22328,170),(22329,170),(22330,170),(22331,171),(22332,171),(22333,171),(22334,171),(22335,171),(22336,171),(22337,171),(22338,171),(22339,171),(22340,171),(22341,171),(22342,172),(22343,172),(22344,172),(22345,172),(22346,172),(22347,172),(22348,172),(22349,172),(22350,172),(22351,172),(22352,172),(22353,172),(22354,172),(22355,172),(22356,173),(22357,173),(22358,173),(22359,173),(22360,174),(22361,174),(22362,174),(22363,174),(22364,174),(22365,174),(22366,174),(22367,174),(22368,174),(22369,174),(22370,174),(22371,174),(22372,174),(22373,174),(22374,174),(22375,174),(22376,174),(22377,174),(22378,174),(22379,174),(22380,174),(22381,174),(22382,174),(22383,174),(22384,175),(22385,175),(22386,175),(22387,175),(22388,175),(22389,175),(22390,175),(22391,175),(22392,175),(22393,176),(22394,177),(22395,177),(22396,177),(22397,177),(22398,177),(22399,177),(22400,177),(22401,178),(22402,178),(22403,178),(22404,178),(22405,178),(22406,178),(22407,178),(22408,179),(22409,179),(22410,179),(22411,179),(22412,179),(22413,179),(22414,179),(22415,180),(22416,180),(22417,180),(22418,180),(22419,180),(22420,180),(22421,180),(22422,180),(22423,181),(22424,181),(22425,181),(22426,181),(22427,181),(22428,181),(22429,181),(22430,181),(22431,181),(22432,181),(22433,181),(22434,181),(22435,181),(22436,182),(22437,182),(22438,182),(22439,182),(22440,182),(22441,182),(22442,183),(22443,183),(22444,183),(22445,183),(22446,183),(22447,183),(22448,183),(22449,183),(22450,184),(22451,184),(22452,184),(22453,184),(22454,184),(22455,184),(22456,184),(22457,185),(22458,185),(22459,185),(22460,185),(22461,185),(22462,185),(22463,185),(22464,185),(22465,185),(22466,185),(22467,185),(22468,185),(22469,186),(22470,186),(22471,186),(22472,186),(22473,186),(22474,186),(22475,186),(22476,186),(22477,186),(22478,186),(22479,186),(22480,187),(22481,187),(22482,187),(22483,187),(22484,187),(22485,187),(22486,187),(22487,187),(22488,187),(22489,187),(22490,188),(22491,188),(22492,188),(22493,188),(22494,188),(22495,188),(22496,188),(22497,188),(22498,188),(22499,188),(22500,189),(22501,189),(22502,189),(22503,189),(22504,189),(22505,189),(22506,189),(22507,189),(22508,189),(22509,189),(22510,189),(22511,190),(22512,190),(22513,190),(22514,190),(22515,190),(22516,190),(22517,190),(22518,190),(22519,190),(22520,191),(22521,191),(22522,191),(22523,191),(22524,191),(22525,191),(22526,191),(22527,191),(22528,191),(22529,191),(22530,191),(22531,191),(22532,191),(22533,191),(22534,191),(22535,192),(22536,192),(22537,192),(22538,192),(22539,192),(22540,193),(22541,193),(22542,193),(22543,193),(22544,193),(22545,193),(22546,193),(22547,193),(22548,193),(22549,193),(22550,193),(22551,193),(22552,193),(22553,193),(22554,194),(22555,194),(22556,194),(22557,194),(22558,194),(22559,194),(22560,195),(22561,195),(22562,195),(22563,195),(22564,195),(22565,195),(22566,195),(22567,195),(22568,195),(22569,195),(22570,195),(22571,195),(22572,195),(22573,195),(22574,195),(22575,195),(22576,195),(22577,196),(22578,196),(22579,196),(22580,196),(22581,196),(22582,196),(22583,196),(22584,196),(22585,196),(22586,197),(22587,197),(22588,197),(22589,197),(22590,197),(22591,197),(22592,198),(22593,198),(22594,198),(22595,198),(22596,198),(22597,198),(22598,198),(22599,198),(22600,198),(22601,198),(22602,198),(22603,198),(22604,199),(22605,199),(22606,199),(22607,199),(22608,199),(22609,199),(22610,199),(22611,200),(22612,200),(22613,200),(22614,200),(22615,201),(22616,201),(22617,201),(22618,201),(22619,201),(22620,201),(22621,201),(22622,202),(22623,202),(22624,202),(22625,202),(22626,202),(22627,202),(22628,202),(22629,202),(22630,202),(22631,202),(22632,203),(22633,203),(22634,203),(22635,203),(22636,203),(22637,203),(22638,203),(22639,203),(22640,203),(22641,203),(22642,203),(22643,203),(22644,203),(22645,203),(22646,204),(22647,204),(22648,204),(22649,204),(22650,204),(22651,205),(22652,205),(22653,205),(22654,205),(22655,205),(22656,205),(22657,205),(22658,205),(22659,205),(22660,205),(22661,205),(22662,205),(22663,205),(22664,205),(22665,205),(22666,205),(22667,206),(22668,206),(22669,206),(22670,206),(22671,206),(22672,206),(22673,207),(22674,207),(22675,207),(22676,207),(22677,207),(22678,207),(22679,207),(22680,208),(22681,208),(22682,208),(22683,208),(22684,208),(22685,208),(22686,208),(22687,208),(22688,208),(22689,209),(22690,209),(22691,209),(22692,209),(22693,209),(22694,209),(22695,210),(22696,210),(22697,210),(22698,210),(22699,210),(22700,210),(22701,210),(22702,210),(22703,211),(22704,211),(22705,211),(22706,211),(22707,211),(22708,211),(22709,212),(22710,212),(22711,212),(22712,212),(22713,212),(22714,212),(22715,212),(22716,213),(22717,213),(22718,213),(22719,213),(22720,213),(22721,213),(22722,213),(22723,213),(22724,213),(22725,213),(22726,214),(22727,214),(22728,214),(22729,214),(22730,214),(22731,214),(22732,214),(22733,214),(22734,214),(22735,214),(22736,215),(22737,215),(22738,215),(22739,215),(22740,215),(22741,215),(22742,216),(22743,216),(22744,216),(22745,216),(22746,216),(22747,216),(22748,216),(22749,216),(22750,216),(22751,216),(22752,216),(22753,216),(22754,216),(22755,216),(22756,216),(22757,216),(22758,216),(22759,217),(22760,217),(22761,217),(22762,217),(22763,217),(22764,217),(22765,217),(22766,217),(22767,217),(22768,218),(22769,218),(22770,218),(22771,218),(22772,218),(22773,218),(22774,218),(22775,218),(22776,218),(22777,218),(22778,218),(22779,218),(22780,218),(22781,218),(22782,218),(22783,219),(22784,219),(22785,219),(22786,219),(22787,219),(22788,219),(22789,219),(22790,219),(22791,219),(22792,219),(22793,219),(22794,220),(22795,220),(22796,220),(22797,220),(22798,220),(22799,221),(22800,221),(22801,221),(22802,221),(22803,221),(22804,221),(22805,222),(22806,222),(22807,222),(22808,222),(22809,222),(22810,222),(22811,223),(22812,223),(22813,223),(22814,223),(22815,223),(22816,223),(22817,223),(22818,223),(22819,224),(22820,224),(22821,224),(22822,224),(22823,224),(22824,225),(22825,225),(22826,225),(22827,225),(22828,225),(22829,225),(22830,225),(22831,225),(22832,225),(22833,225),(22834,225),(22835,226),(22836,226),(22837,226),(22838,226),(22839,226),(22840,226),(22841,226),(22842,227),(22843,227),(22844,227),(22845,227),(22846,227),(22847,227),(22848,227),(22849,227),(22850,227),(22851,227),(22852,227),(22853,228),(22854,228),(22855,228),(22856,228),(22857,228),(22858,228),(22859,228),(22860,228),(22861,228),(22862,228),(22863,228),(22864,229),(22865,229),(22866,229),(22867,229),(22868,229),(22869,229),(22870,229),(22871,229),(22872,229),(22873,229),(22874,229),(22875,229),(22876,230),(22877,230),(22878,230),(22879,230),(22880,230),(22881,230),(22882,230),(22883,230),(22884,230),(22885,230),(22886,230),(22887,230),(22888,231),(22889,231),(22890,231),(22891,231),(22892,231),(22893,231),(22894,232),(22895,232),(22896,232),(22897,232),(22898,232),(22899,232),(22900,232),(22901,232),(22902,232),(22903,232),(22904,232),(22905,232),(22906,233),(22907,233),(22908,233),(22909,233),(22910,234),(22911,234),(22912,235),(22913,235),(22914,235),(22915,235),(22916,236),(22917,236),(22918,237),(22919,237),(22920,237),(22921,237),(22922,238),(22923,238),(22924,239),(22925,239),(22926,239),(22927,239),(22928,240),(22929,240),(22930,240),(22931,240),(22932,241),(22933,241),(22934,241),(22935,241),(22936,242),(22937,242),(22938,242),(22939,242),(22940,243),(22941,243),(22942,243),(22943,243),(22944,244),(22945,244),(22946,244),(22947,244),(22948,245),(22949,245),(22950,246),(22951,246),(22952,246),(22953,246),(22954,247),(22955,247),(22956,247),(22957,247),(22958,248),(22959,248),(22960,249),(22961,249),(22962,249),(22963,250),(22964,250),(22965,251),(22966,251),(22967,252),(22968,252),(22969,253),(22970,253),(22971,253),(22972,253),(22973,254),(22974,254),(22975,254),(22976,254),(22977,255),(22978,255),(22979,255),(22980,255),(22981,255),(22982,256),(22983,256),(22984,256),(22985,256),(22986,256),(22987,257),(22988,257),(22989,258),(22990,258),(22991,258),(22992,258),(22993,258),(22994,258),(22995,259),(22996,259),(22997,259),(22998,259),(22999,259),(23000,260),(23001,260),(23002,260),(23003,260),(23004,260),(23005,260),(23006,260),(23007,260),(23008,261),(23009,261),(23010,262),(23011,262),(23012,263),(23013,263),(23014,263),(23015,264),(23016,264),(23017,264),(23018,265),(23019,265),(23020,265),(23021,266),(23022,266),(23023,267),(23024,267),(23025,267),(23026,267),(23027,268),(23028,268),(23029,268),(23030,268),(23031,268),(23032,268),(23033,268),(23034,268),(23035,268),(23036,268),(23037,268),(23038,268),(23039,269),(23040,269),(23041,269),(23042,269),(23043,269),(23044,269),(23045,269),(23046,270),(23047,270),(23048,270),(23049,270),(23050,271),(23051,271),(23052,271),(23053,271),(23054,271),(23055,271),(23056,271),(23057,272),(23058,272),(23059,272),(23060,272),(23061,272),(23062,273),(23063,273),(23064,274),(23065,274),(23066,275),(23067,275),(23068,275),(23069,275),(23070,276),(23071,276),(23072,277),(23073,277),(23074,289),(23075,289),(23076,289),(23077,290),(23078,290),(23079,291),(23080,291),(23081,310),(23082,310),(23083,310),(23084,310),(23085,310),(23086,311),(23087,311),(23088,312),(23089,312),(23090,313),(23091,313),(23092,313),(23093,314),(23094,314),(23095,314),(23096,315),(23097,315),(23098,317),(23099,317),(23100,317),(23101,317),(23102,317),(23103,317),(23104,318),(23105,318),(23106,318),(23107,319),(23108,319),(23109,320),(23110,320),(23111,320),(23112,320),(23113,320),(23114,320),(23115,320),(23116,321),(23117,321),(23118,321),(23119,321),(23120,321),(23121,321),(23122,321),(23123,321),(23124,321),(23125,322),(23126,322),(23127,322),(23128,322),(23129,322),(23130,323),(23131,323),(23132,323),(23133,323),(23134,323),(23135,323),(23136,324),(23137,324),(23138,324),(23139,324),(23140,325),(23141,325),(23142,325),(23143,326),(23144,326),(23145,326),(23146,327),(23147,327),(23148,327),(23149,327),(23150,328),(23151,328),(23152,328),(23153,328),(23154,328),(23155,328),(23156,329),(23157,329),(23158,329),(23159,329),(23160,329),(23161,329),(23162,330),(23163,330),(23164,331),(23165,331),(23166,332),(23167,332),(23168,332),(23169,333),(23170,333),(23171,334),(23172,334),(23173,334),(23174,335),(23175,335),(23176,335),(23177,336),(23178,336),(23179,336),(23180,337),(23181,337),(23182,337),(23183,338),(23184,338),(23185,338),(23186,338),(23187,339),(23188,339),(23189,339),(23190,339),(23191,339),(23192,339),(23193,339),(23194,339),(23195,339),(23196,339),(23197,339),(23198,339),(23199,339),(23200,339),(23201,340),(23202,340),(23203,340),(23204,340),(23205,340),(23206,340),(23207,340),(23208,340),(23209,340),(23210,340),(23211,340),(23212,340),(23213,340),(23214,340),(23215,340),(23216,340),(23217,340),(23218,340),(23219,340),(23220,340),(23221,340),(23222,340),(23223,340),(23224,340),(23225,340),(23226,340),(23227,340),(23228,340),(23229,341);
/*!40000 ALTER TABLE `options_item` ENABLE KEYS */;
UNLOCK TABLES;

--
-- Table structure for table `options_item_translations`
--

DROP TABLE IF EXISTS `options_item_translations`;
/*!40101 SET @saved_cs_client     = @@character_set_client */;
/*!40101 SET character_set_client = utf8 */;
CREATE TABLE `options_item_translations` (
  `id` int(11) NOT NULL AUTO_INCREMENT,
  `options_item_id` int(11) NOT NULL,
  `languages_id` int(11) NOT NULL,
  `description` text NOT NULL,
  PRIMARY KEY (`id`),
  UNIQUE KEY `UNIQUE` (`options_item_id`,`languages_id`),
  KEY `index3` (`options_item_id`),
  KEY `index4` (`languages_id`),
  CONSTRAINT `fk_options_item_translations_1` FOREIGN KEY (`languages_id`) REFERENCES `languages` (`id`) ON DELETE CASCADE ON UPDATE NO ACTION,
  CONSTRAINT `fk_options_item_translations_2` FOREIGN KEY (`options_item_id`) REFERENCES `options_item` (`id`) ON DELETE CASCADE ON UPDATE NO ACTION
) ENGINE=InnoDB AUTO_INCREMENT=25839 DEFAULT CHARSET=latin1;
/*!40101 SET character_set_client = @saved_cs_client */;

--
-- Dumping data for table `options_item_translations`
--

LOCK TABLES `options_item_translations` WRITE;
/*!40000 ALTER TABLE `options_item_translations` DISABLE KEYS */;
INSERT INTO `options_item_translations` VALUES (22630,1,1,'Bagerhat'),(22631,2,1,'Bandarban'),(22632,3,1,'Barguna'),(22633,4,1,'Barisal'),(22634,5,1,'Bhola'),(22635,6,1,'Bogra'),(22636,7,1,'Brahmanbaria'),(22637,8,1,'Chandpur'),(22638,9,1,'Chapai Nawabganj'),(22639,10,1,'Chittagong'),(22640,11,1,'Chuadanga'),(22641,12,1,'Comilla'),(22642,13,1,'Cox\'s Bazar'),(22643,14,1,'Dhaka'),(22644,15,1,'Dinajpur'),(22645,16,1,'Faridpur'),(22646,17,1,'Feni'),(22647,18,1,'Gaibandha'),(22648,19,1,'Gazipur'),(22649,20,1,'Gopalganj'),(22650,21,1,'Habiganj'),(22651,22,1,'Jamalpur'),(22652,23,1,'Jessore'),(22653,24,1,'Jhalokathi'),(22654,25,1,'Jhenaidah'),(22655,26,1,'Joypurhat'),(22656,27,1,'Khagrachari'),(22657,28,1,'Khulna'),(22658,29,1,'Kishoreganj'),(22659,30,1,'Kurigram'),(22660,31,1,'Kushtia'),(22661,32,1,'Lakshmipur'),(22662,33,1,'Lalmonirhat'),(22663,34,1,'Madaripur'),(22664,35,1,'Magura'),(22665,36,1,'Manikganj'),(22666,37,1,'Maulvibazar'),(22667,38,1,'Meherpur'),(22668,39,1,'Munshiganj'),(22669,40,1,'Mymensingh'),(22670,41,1,'Naogaon'),(22671,42,1,'Narail'),(22672,43,1,'Narayanganj'),(22673,44,1,'Narsingdi'),(22674,45,1,'Natore'),(22675,46,1,'Netrokona'),(22676,47,1,'Nilphamari'),(22677,48,1,'Noakhali'),(22678,49,1,'Pabna'),(22679,50,1,'Panchagarh'),(22680,51,1,'Patuakhali'),(22681,52,1,'Pirojpur'),(22682,53,1,'Rajbari'),(22683,54,1,'Rajshahi'),(22684,55,1,'Rangamati'),(22685,56,1,'Rangpur'),(22686,57,1,'Satkhira'),(22687,58,1,'Shariatpur'),(22688,59,1,'Sherpur'),(22689,60,1,'Sirajganj'),(22690,61,1,'Sunamganj'),(22691,62,1,'Sylhet'),(22692,63,1,'Tangail'),(22693,64,1,'Thakurgaon'),(23191,20869,1,'Ali Kadam'),(23192,20870,1,'Bandarban Sadar'),(23193,20871,1,'Lama'),(23194,20872,1,'Naikhongchhari'),(23195,20873,1,'Rowangchhari'),(23196,20874,1,'Ruma'),(23197,20875,1,'Thanchi'),(23198,20876,1,'Amtali'),(23199,20877,1,'Bamna'),(23200,20878,1,'Barguna Sadar'),(23201,20879,1,'Betagi'),(23202,20880,1,'Patharghata'),(23203,20881,1,'Agailjhara'),(23204,20882,1,'Babuganj'),(23205,20883,1,'Bakerganj'),(23206,20884,1,'Banaripara'),(23207,20885,1,'Barisal Sadar'),(23208,20886,1,'Gaurnadi'),(23209,20887,1,'Hizla'),(23210,20888,1,'Mehendiganj'),(23211,20889,1,'Muladi'),(23212,20890,1,'Wazirpur'),(23213,20891,1,'Bhola Sadar'),(23214,20892,1,'Burhanuddin'),(23215,20893,1,'Char Fasson'),(23216,20894,1,'Daulatkhan'),(23217,20895,1,'Lalmohan'),(23218,20896,1,'Manpura'),(23219,20897,1,'Tazumuddin'),(23220,20898,1,'Adamdighi'),(23221,20899,1,'Bogra Sadar'),(23222,20900,1,'Dhunat'),(23223,20901,1,'Dupchanchia'),(23224,20902,1,'Gabtali'),(23225,20903,1,'Kahaloo'),(23226,20904,1,'Nandigram'),(23227,20905,1,'Sahajanpur'),(23228,20906,1,'Sariakandi'),(23229,20907,1,'Sherpur'),(23230,20908,1,'Shibganj'),(23231,20909,1,'Sonatala'),(23232,20910,1,'Akhaura'),(23233,20911,1,'Ashuganj'),(23234,20912,1,'Bancharampur'),(23235,20913,1,'Brahmanbaria Sadar'),(23236,20914,1,'Kasba'),(23237,20915,1,'Nabinagar'),(23238,20916,1,'Nasirnagar'),(23239,20917,1,'Sarail'),(23240,20918,1,'Chandpur Sadar'),(23241,20919,1,'Faridganj'),(23242,20920,1,'Haimchar'),(23243,20921,1,'Haziganj'),(23244,20922,1,'Kachua'),(23245,20923,1,'Matlab'),(23246,20924,1,'Matlab Uttor'),(23247,20925,1,'Shahrasti'),(23248,20926,1,'Bholahat'),(23249,20927,1,'Gomastapur'),(23250,20928,1,'Nachole'),(23251,20929,1,'Nawabganj Sadar'),(23252,20930,1,'Shibganj'),(23253,20931,1,'Anwara'),(23254,20932,1,'Banshkhali'),(23255,20933,1,'Boalkhali'),(23256,20934,1,'Chandanaish'),(23257,20935,1,'Fatikchhari'),(23258,20936,1,'Hathazari'),(23259,20937,1,'Lohagara'),(23260,20938,1,'Mirsharai'),(23261,20939,1,'Patiya'),(23262,20940,1,'Rangunia'),(23263,20941,1,'Raozan'),(23264,20942,1,'Sandwip'),(23265,20943,1,'Satkania'),(23266,20944,1,'Sitakunda'),(23267,20945,1,'Alamdanga'),(23268,20946,1,'Chuadanga Sadar'),(23269,20947,1,'Damurhuda'),(23270,20948,1,'Jibannagar'),(23271,20949,1,'Barura'),(23272,20950,1,'Brahmanpara'),(23273,20951,1,'Burichong'),(23274,20952,1,'Chandina'),(23275,20953,1,'Chauddagram'),(23276,20954,1,'Comilla Sadar'),(23277,20955,1,'Daudkandi'),(23278,20956,1,'Debidwar'),(23279,20957,1,'Homna'),(23280,20958,1,'Laksam'),(23281,20959,1,'Machhimpur Modern Village'),(23282,20960,1,'Magna'),(23283,20961,1,'Muradnagar'),(23284,20962,1,'Nangalkot'),(23285,20963,1,'Titas'),(23286,20964,1,'Chakaria'),(23287,20965,1,'Cox\'s Bazar Sadar'),(23288,20966,1,'Kutubdia'),(23289,20967,1,'Maheshkhali'),(23290,20968,1,'Ramu'),(23291,20969,1,'Teknaf'),(23292,20970,1,'Ukhia'),(23293,20971,1,'Dhamrai'),(23294,20972,1,'Dohar'),(23295,20973,1,'Keraniganj'),(23296,20974,1,'Nawabganj'),(23297,20975,1,'Savar'),(23298,20976,1,'Biral'),(23299,20977,1,'Birampur'),(23300,20978,1,'Birganj'),(23301,20979,1,'Bochaganj'),(23302,20980,1,'Chirirbandar'),(23303,20981,1,'Dinajpur Sadar'),(23304,20982,1,'Ghoraghat'),(23305,20983,1,'Hakimpur'),(23306,20984,1,'Kaharole'),(23307,20985,1,'Khansama'),(23308,20986,1,'Nawabganj'),(23309,20987,1,'Parbatipur'),(23310,20988,1,'Phulbari'),(23311,20989,1,'Alfadanga'),(23312,20990,1,'Bhanga'),(23313,20991,1,'Boalmari'),(23314,20992,1,'Char Bhadrasan'),(23315,20993,1,'Faridpur Sadar'),(23316,20994,1,'Madhukhali'),(23317,20995,1,'Nagarkanda'),(23318,20996,1,'Sadarpur'),(23319,20997,1,'Saltha'),(23320,20998,1,'Chhagalnaiya'),(23321,20999,1,'Daganbhuiyan'),(23322,21000,1,'Feni Sadar'),(23323,21001,1,'Fulgazi'),(23324,21002,1,'Parshuram'),(23325,21003,1,'Sonagazi'),(23326,21004,1,'Gaibandha Sadar'),(23327,21005,1,'Gobindaganj'),(23328,21006,1,'Palashbari'),(23329,21007,1,'Phulchhari'),(23330,21008,1,'Sadullapur'),(23331,21009,1,'Sughatta'),(23332,21010,1,'Sundarganj'),(23333,21011,1,'Gazipur Sadar'),(23334,21012,1,'Kaliakair'),(23335,21013,1,'Kaliganj'),(23336,21014,1,'Kapasia'),(23337,21015,1,'Sreepur'),(23338,21016,1,'Gopalganj Sadar'),(23339,21017,1,'Kashiani'),(23340,21018,1,'Kotalipara'),(23341,21019,1,'Muksudpur'),(23342,21020,1,'Tungipara'),(23343,21021,1,'Ajmiriganj'),(23344,21022,1,'Bahubal'),(23345,21023,1,'Baniyachong'),(23346,21024,1,'Chunarughat'),(23347,21025,1,'Habiganj Sadar'),(23348,21026,1,'Lakhai'),(23349,21027,1,'Madhabpur'),(23350,21028,1,'Nabiganj'),(23351,21029,1,'Bakshiganj'),(23352,21030,1,'Dewanganj'),(23353,21031,1,'Islampur'),(23354,21032,1,'Jamalpur Sadar'),(23355,21033,1,'Madarganj'),(23356,21034,1,'Melandaha'),(23357,21035,1,'Sarishabari'),(23358,21036,1,'Abhaynagar'),(23359,21037,1,'Bagherpara'),(23360,21038,1,'Chaugachha'),(23361,21039,1,'Jessore Sadar'),(23362,21040,1,'Jhikargachha'),(23363,21041,1,'Keshabpur'),(23364,21042,1,'Manirampur'),(23365,21043,1,'Sharsha'),(23366,21044,1,'Jhalokathi Sadar'),(23367,21045,1,'Kathalia'),(23368,21046,1,'Nalchity'),(23369,21047,1,'Rajapur'),(23370,21048,1,'Harinakunda'),(23371,21049,1,'Jhenaidah Sadar'),(23372,21050,1,'Kaliganj'),(23373,21051,1,'Kotchandpur'),(23374,21052,1,'Maheshpur'),(23375,21053,1,'Sailkupa'),(23376,21054,1,'Akkelpur'),(23377,21055,1,'Joypurhat Sadar'),(23378,21056,1,'Kalai'),(23379,21057,1,'Khetlal'),(23380,21058,1,'Panchbibi'),(23381,21059,1,'Dighinala'),(23382,21060,1,'Khagrachhari'),(23383,21061,1,'Lakshmichhari'),(23384,21062,1,'Mahalchhari'),(23385,21063,1,'Manikchhari'),(23386,21064,1,'Matiranga'),(23387,21065,1,'Panchhari'),(23388,21066,1,'Ramgarh'),(23389,21067,1,'Batiaghata'),(23390,21068,1,'Dacope'),(23391,21069,1,'Dighalia'),(23392,21070,1,'Dumuria'),(23393,21071,1,'Koyra'),(23394,21072,1,'Paikgachha'),(23395,21073,1,'Phultala'),(23396,21074,1,'Rupsha'),(23397,21075,1,'Terokhada'),(23398,21076,1,'Austagram'),(23399,21077,1,'Bajitpur'),(23400,21078,1,'Bhairab'),(23401,21079,1,'Hossainpur'),(23402,21080,1,'Itna'),(23403,21081,1,'Karimganj'),(23404,21082,1,'Katiadi'),(23405,21083,1,'Kishoreganj Sadar'),(23406,21084,1,'Kuliarchar'),(23407,21085,1,'Mithamain'),(23408,21086,1,'Nikli'),(23409,21087,1,'Pakundia'),(23410,21088,1,'Tarail'),(23411,21089,1,'Bhurungamari'),(23412,21090,1,'Char Rajibpur'),(23413,21091,1,'Chilmari'),(23414,21092,1,'Kurigram Sadar'),(23415,21093,1,'Nageshwari'),(23416,21094,1,'Phulbari'),(23417,21095,1,'Rajarhat'),(23418,21096,1,'Raomari'),(23419,21097,1,'Ulipur'),(23420,21098,1,'Bheramara'),(23421,21099,1,'Daulatpur'),(23422,21100,1,'Khoksa'),(23423,21101,1,'Kumarkhali'),(23424,21102,1,'Kushtia Sadar'),(23425,21103,1,'Mirpur'),(23426,21104,1,'Komolnagor'),(23427,21105,1,'Lakshmipur Sadar'),(23428,21106,1,'Raipur'),(23429,21107,1,'Ramganj'),(23430,21108,1,'Ramgati'),(23431,21109,1,'Aditmari'),(23432,21110,1,'Hatibandha'),(23433,21111,1,'Kaliganj'),(23434,21112,1,'Lalmonirhat Sadar'),(23435,21113,1,'Patgram'),(23436,21114,1,'Kalkini'),(23437,21115,1,'Madaripur Sadar'),(23438,21116,1,'Rajoir'),(23439,21117,1,'Shibchar'),(23440,21118,1,'Magura Sadar'),(23441,21119,1,'Mohammadpur'),(23442,21120,1,'Shalikha'),(23443,21121,1,'Sreepur'),(23444,21122,1,'Daulatpur'),(23445,21123,1,'Ghior'),(23446,21124,1,'Harirampur'),(23447,21125,1,'Manikganj Sadar'),(23448,21126,1,'Saturia'),(23449,21127,1,'Shivalaya'),(23450,21128,1,'Singair'),(23451,21129,1,'Barlekha'),(23452,21130,1,'Juri'),(23453,21131,1,'Kamalganj'),(23454,21132,1,'Kulaura'),(23455,21133,1,'Maulvibazar Sadar'),(23456,21134,1,'Rajnagar'),(23457,21135,1,'Sreemangal'),(23458,21136,1,'Gangni'),(23459,21137,1,'Meherpur Sadar'),(23460,21138,1,'Mujibnagar'),(23461,21139,1,'Gazaria'),(23462,21140,1,'Lohaganj'),(23463,21141,1,'Munshiganj Sadar'),(23464,21142,1,'Sirajdikhan'),(23465,21143,1,'Sreenagar'),(23466,21144,1,'Tongibari'),(23467,21145,1,'Bhaluka'),(23468,21146,1,'Dhobaura'),(23469,21147,1,'Fulbaria'),(23470,21148,1,'Gaffargaon'),(23471,21149,1,'Gauripur'),(23472,21150,1,'Haluaghat'),(23473,21151,1,'Ishwarganj'),(23474,21152,1,'Muktagachha'),(23475,21153,1,'Mymensingh Sadar'),(23476,21154,1,'Nandail'),(23477,21155,1,'Phulpur'),(23478,21156,1,'Trishal'),(23479,21157,1,'Atrai'),(23480,21158,1,'Badalgachhi'),(23481,21159,1,'Dhamoirhat'),(23482,21160,1,'Mahadevpur'),(23483,21161,1,'Manda'),(23484,21162,1,'Naogaon Sadar'),(23485,21163,1,'Niamatpur'),(23486,21164,1,'Patnitala'),(23487,21165,1,'Porsha'),(23488,21166,1,'Raninagar'),(23489,21167,1,'Sapahar'),(23490,21168,1,'Kalia'),(23491,21169,1,'Lohagara'),(23492,21170,1,'Narail Sadar'),(23493,21171,1,'Araihazar'),(23494,21172,1,'Bandar'),(23495,21173,1,'Narayanganj Sadar'),(23496,21174,1,'Rupganj'),(23497,21175,1,'Sonargaon'),(23498,21176,1,'Belabo'),(23499,21177,1,'Monohardi'),(23500,21178,1,'Narsingdi Sadar'),(23501,21179,1,'Palash'),(23502,21180,1,'Raipura'),(23503,21181,1,'Shibpur'),(23504,21182,1,'Bagatipara'),(23505,21183,1,'Baraigram'),(23506,21184,1,'Gurudaspur'),(23507,21185,1,'Lalpur'),(23508,21186,1,'Natore Sadar'),(23509,21187,1,'Singra'),(23510,21188,1,'Atpara'),(23511,21189,1,'Barhatta'),(23512,21190,1,'Durgapur'),(23513,21191,1,'Kalmakanda'),(23514,21192,1,'Kendua'),(23515,21193,1,'Khaliajuri'),(23516,21194,1,'Madan'),(23517,21195,1,'Mohanganj'),(23518,21196,1,'Netrokona Sadar'),(23519,21197,1,'Purbadhala'),(23520,21198,1,'Dimla'),(23521,21199,1,'Domar'),(23522,21200,1,'Jaldhaka'),(23523,21201,1,'Kishoreganj'),(23524,21202,1,'Nilphamari Sadar'),(23525,21203,1,'Saidpur'),(23526,21204,1,'Begumganj'),(23527,21205,1,'Chatkhil'),(23528,21206,1,'Companiganj'),(23529,21207,1,'Hatiya'),(23530,21208,1,'Kobir Haat'),(23531,21209,1,'Noakhali Sadar'),(23532,21210,1,'Senbagh'),(23533,21211,1,'Shudharam'),(23534,21212,1,'Sonaimuri'),(23535,21213,1,'Subarna Char'),(23536,21214,1,'Atgharia'),(23537,21215,1,'Bera'),(23538,21216,1,'Bhangura'),(23539,21217,1,'Chatmohar'),(23540,21218,1,'Faridpur'),(23541,21219,1,'Ishwardi'),(23542,21220,1,'Pabna Sadar'),(23543,21221,1,'Santhia'),(23544,21222,1,'Sujanagar'),(23545,21223,1,'Atwari'),(23546,21224,1,'Boda'),(23547,21225,1,'Debiganj'),(23548,21226,1,'Panchagarh Sadar'),(23549,21227,1,'Tetulia'),(23550,21228,1,'Bauphal'),(23551,21229,1,'Dasmina'),(23552,21230,1,'Dumki'),(23553,21231,1,'Galachipa'),(23554,21232,1,'Kalapara'),(23555,21233,1,'Mirzaganj'),(23556,21234,1,'Patuakhali Sadar'),(23557,21235,1,'Bhandaria'),(23558,21236,1,'Kawkhali'),(23559,21237,1,'Mathbaria'),(23560,21238,1,'Nazirpur'),(23561,21239,1,'Nesarabad'),(23562,21240,1,'Pirojpur Sadar'),(23563,21241,1,'Zianagor'),(23564,21242,1,'Baliakandi'),(23565,21243,1,'Goalandaghat'),(23566,21244,1,'Kalukhali'),(23567,21245,1,'Pangsha'),(23568,21246,1,'Rajbari Sadar'),(23569,21247,1,'Bagha'),(23570,21248,1,'Bagmara'),(23571,21249,1,'Charghat'),(23572,21250,1,'Durgapur'),(23573,21251,1,'Godagari'),(23574,21252,1,'Mohanpur'),(23575,21253,1,'Paba'),(23576,21254,1,'Puthia'),(23577,21255,1,'Tanore'),(23578,21256,1,'Bagaichhari'),(23579,21257,1,'Barkal'),(23580,21258,1,'Belaichhari'),(23581,21259,1,'Juraichhari'),(23582,21260,1,'Kaptai'),(23583,21261,1,'Kawkhali (Betbunia)'),(23584,21262,1,'Langadu'),(23585,21263,1,'Mannerchar'),(23586,21264,1,'Rajasthali'),(23587,21265,1,'Rangamati Sadar'),(23588,21266,1,'Badarganj'),(23589,21267,1,'Gangachhara'),(23590,21268,1,'Kaunia'),(23591,21269,1,'Mithapukur'),(23592,21270,1,'Pirgachha'),(23593,21271,1,'Pirganj'),(23594,21272,1,'Rangpur Sadar'),(23595,21273,1,'Taraganj'),(23596,21274,1,'Assasuni'),(23597,21275,1,'Debhata'),(23598,21276,1,'Kalaroa'),(23599,21277,1,'Kaliganj'),(23600,21278,1,'Satkhira Sadar'),(23601,21279,1,'Shyamnagar'),(23602,21280,1,'Tala'),(23603,21281,1,'Bhedarganj'),(23604,21282,1,'Damudya'),(23605,21283,1,'Gosairhat'),(23606,21284,1,'Naria'),(23607,21285,1,'Shariatpur Sadar'),(23608,21286,1,'Zajira'),(23609,21287,1,'Jhenaigati'),(23610,21288,1,'Nakla'),(23611,21289,1,'Nalitabari'),(23612,21290,1,'Sherpur Sadar'),(23613,21291,1,'Sreebardi'),(23614,21292,1,'Belkuchi'),(23615,21293,1,'Chauhali'),(23616,21294,1,'Kamarkhanda'),(23617,21295,1,'Kazipur'),(23618,21296,1,'Raiganj'),(23619,21297,1,'Shahjadpur'),(23620,21298,1,'Sirajganj Sadar'),(23621,21299,1,'Tarash'),(23622,21300,1,'Ullahpara'),(23623,21301,1,'Bishwamvarpur'),(23624,21302,1,'Chhatak'),(23625,21303,1,'Derai'),(23626,21304,1,'Dharampasha'),(23627,21305,1,'Dowarabazar'),(23628,21306,1,'Jagannathpur'),(23629,21307,1,'Jamalganj'),(23630,21308,1,'Sullah'),(23631,21309,1,'Sunamganj Sadar'),(23632,21310,1,'Tahirpur'),(23633,21311,1,'Balaganj'),(23634,21312,1,'Beanibazar'),(23635,21313,1,'Bishwanath'),(23636,21314,1,'Companiganj'),(23637,21315,1,'Fenchuganj'),(23638,21316,1,'Golapganj'),(23639,21317,1,'Gowainghat'),(23640,21318,1,'Jaintiapur'),(23641,21319,1,'Kanaighat'),(23642,21320,1,'Sylhet Sadar'),(23643,21321,1,'Zakiganj'),(23644,21322,1,'Basail'),(23645,21323,1,'Bhuapur'),(23646,21324,1,'Delduar'),(23647,21325,1,'Dhanbari'),(23648,21326,1,'Ghatail'),(23649,21327,1,'Gopalpur'),(23650,21328,1,'Kalihati'),(23651,21329,1,'Madhupur'),(23652,21330,1,'Mirzapur'),(23653,21331,1,'Nagarpur'),(23654,21332,1,'Sakhipur'),(23655,21333,1,'Tangail Sadar'),(23656,21334,1,'Baliadangi'),(23657,21335,1,'Haripur'),(23658,21336,1,'Pirganj'),(23659,21337,1,'Ranisankail'),(23660,21338,1,'Thakurgaon Sadar'),(23675,21353,1,'Aylapatakata'),(23676,21354,1,'Badarkhali'),(23677,21355,1,'Barguna'),(23678,21356,1,'Burir Char'),(23679,21357,1,'Dhalua'),(23680,21358,1,'Fuljhury'),(23681,21359,1,'Gaurichana'),(23682,21360,1,'Keorabunia'),(23683,21361,1,'M.Baliatali'),(23684,21362,1,'Naltona'),(23685,21363,1,'Betagi'),(23686,21364,1,'Bibichini'),(23687,21365,1,'Buramazumdar'),(23688,21366,1,'Hosnabad'),(23689,21367,1,'Kazirabad'),(23690,21368,1,'Mokamia'),(23691,21369,1,'Sariamuri'),(23692,21370,1,'Charduani'),(23693,21371,1,'Kakchira'),(23694,21372,1,'Kalmegha'),(23695,21373,1,'Kanthaltali'),(23696,21374,1,'Nachna Para'),(23697,21375,1,'Patharghata'),(23698,21376,1,'Raihanpur'),(23699,21377,1,'Bagdha'),(23700,21378,1,'Bakal'),(23701,21379,1,'Gaila'),(23702,21380,1,'Rajiher'),(23703,21381,1,'Ratnapur'),(23704,21382,1,'Agarpur'),(23705,21383,1,'Chandpasha'),(23706,21384,1,'Dehergati'),(23707,21385,1,'Kedarpur'),(23708,21386,1,'Madhabpasha'),(23709,21387,1,'Rahmatpur'),(23710,21388,1,'Bhoypasha'),(23711,21389,1,'Charadi'),(23712,21390,1,'Charamaddi'),(23713,21391,1,'Darial'),(23714,21392,1,'Dudhal'),(23715,21393,1,'Durgapasha'),(23716,21394,1,'Faridpur'),(23717,21395,1,'Garuria'),(23718,21396,1,'Kabai'),(23719,21397,1,'Kalaskathi'),(23720,21398,1,'Nalua'),(23721,21399,1,'Niamati'),(23722,21400,1,'Padrishibpur'),(23723,21401,1,'Rangasree'),(23724,21402,1,'Baisari Para'),(23725,21403,1,'Banari Para'),(23726,21404,1,'Bisar Kandi'),(23727,21405,1,'Chakhar'),(23728,21406,1,'Iluhar'),(23729,21407,1,'Saliabakpur'),(23730,21408,1,'Sayedkathi'),(23731,21409,1,'Udoykathi'),(23732,21410,1,'Chandpur'),(23733,21411,1,'Chandra Mohan'),(23734,21412,1,'Char Baria'),(23735,21413,1,'Char Kowa'),(23736,21414,1,'Char Monai'),(23737,21415,1,'Jagua'),(23738,21416,1,'Kashipur'),(23739,21417,1,'Roypasha Karapur'),(23740,21418,1,'Shayestabad'),(23741,21419,1,'Tungibaria'),(23742,21420,1,'Bardhi'),(23743,21421,1,'Batajore'),(23744,21422,1,'Chandshi'),(23745,21423,1,'Khanjapur'),(23746,21424,1,'Mahilara'),(23747,21425,1,'Nalchira'),(23748,21426,1,'Sarikal'),(23749,21427,1,'Bara Jalia'),(23750,21428,1,'Dhulkhola'),(23751,21429,1,'Guabaria'),(23752,21430,1,'Harinathpur'),(23753,21431,1,'Hizla Gourabdi'),(23754,21432,1,'Kuchaipotty'),(23755,21433,1,'Memania'),(23756,21434,1,'Alimabad'),(23757,21435,1,'Andhar Manik'),(23758,21436,1,'Bhasan Char'),(23759,21437,1,'Bidyanandapur'),(23760,21438,1,'Chandpur'),(23761,21439,1,'Char Ekkaria'),(23762,21440,1,'Char Gopalpur'),(23763,21441,1,'Darichar Khajuria'),(23764,21442,1,'Gobindapur'),(23765,21443,1,'Jangalia'),(23766,21444,1,'Lata'),(23767,21445,1,'Mehendiganj'),(23768,21446,1,'Ulania'),(23769,21447,1,'Batamara'),(23770,21448,1,'Char Kalekhan'),(23771,21449,1,'Gachhua'),(23772,21450,1,'Kazir Char'),(23773,21451,1,'Muladi'),(23774,21452,1,'Nazirpur'),(23775,21453,1,'Safipur'),(23776,21454,1,'Bamrail'),(23777,21455,1,'Bara Kotha'),(23778,21456,1,'Gutia'),(23779,21457,1,'Harta'),(23780,21458,1,'Jolla'),(23781,21459,1,'Otra'),(23782,21460,1,'Satla'),(23783,21461,1,'Shikarpur'),(23784,21462,1,'Sholak'),(23785,21463,1,'Azimpur'),(23786,21464,1,'Bhandari'),(23787,21465,1,'Bijora'),(23788,21466,1,'Biral'),(23789,21467,1,'Dhamair'),(23790,21468,1,'Dharmapur'),(23791,21469,1,'Farakkabad'),(23792,21470,1,'Mangalpur'),(23793,21471,1,'Ranipukur'),(23794,21472,1,'Sahargram'),(23795,21473,1,'Benail'),(23796,21474,1,'Deor'),(23797,21475,1,'Jotbani'),(23798,21476,1,'Katla'),(23799,21477,1,'Khanpur'),(23800,21478,1,'Mukundpur'),(23801,21479,1,'Poliprayagpur'),(23802,21480,1,'Bhognagar'),(23803,21481,1,'Mohammadpur'),(23804,21482,1,'Mohanpur'),(23805,21483,1,'Moricha'),(23806,21484,1,'Nijpara'),(23807,21485,1,'Palashbari'),(23808,21486,1,'Paltapur'),(23809,21487,1,'Satore'),(23810,21488,1,'Shatagram'),(23811,21489,1,'Shibrampur'),(23812,21490,1,'Sujalpur'),(23813,21491,1,'Atgaon'),(23814,21492,1,'Chhatail'),(23815,21493,1,'Ishania'),(23816,21494,1,'Murshidhat'),(23817,21495,1,'Nafanagar'),(23818,21496,1,'Rangaon'),(23819,21497,1,'Abdulpur'),(23820,21498,1,'Alokdihi'),(23821,21499,1,'Amarpur'),(23822,21500,1,'Auliapukur'),(23823,21501,1,'Bhiail'),(23824,21502,1,'Fatehjangpur'),(23825,21503,1,'Isabpur'),(23826,21504,1,'Nasratpur'),(23827,21505,1,'Punotti'),(23828,21506,1,'Saintara'),(23829,21507,1,'Satnala'),(23830,21508,1,'Tentulia'),(23831,21509,1,'Askarpur'),(23832,21510,1,'Auliapur'),(23833,21511,1,'Chehelgazi'),(23834,21512,1,'Fazilpur'),(23835,21513,1,'Kamolpur'),(23836,21514,1,'Sekhpura'),(23837,21515,1,'Shankarpur'),(23838,21516,1,'Shashra'),(23839,21517,1,'Sundarban'),(23840,21518,1,'Uthrail'),(23841,21519,1,'Bulakipur'),(23842,21520,1,'Ghoraghat'),(23843,21521,1,'Palash'),(23844,21522,1,'Shingra'),(23845,21523,1,'Alihat'),(23846,21524,1,'Boaldar'),(23847,21525,1,'Khambamadhobpara'),(23848,21526,1,'Dabor'),(23849,21527,1,'Mukundapur'),(23850,21528,1,'Ramchandrapur'),(23851,21529,1,'Rasulpur'),(23852,21530,1,'Sundarpur'),(23853,21531,1,'Targaon'),(23854,21532,1,'Alokjhari'),(23855,21533,1,'Angarpara'),(23856,21534,1,'Bhabki'),(23857,21535,1,'Bherbheli'),(23858,21536,1,'Goaldihi'),(23859,21537,1,'Khamarpara'),(23860,21538,1,'Bhaduria'),(23861,21539,1,'Binodpur'),(23862,21540,1,'Daudpur'),(23863,21541,1,'Gopalganj'),(23864,21542,1,'Joypur'),(23865,21543,1,'Kushdaha'),(23866,21544,1,'Mahmudpur'),(23867,21545,1,'Putimara'),(23868,21546,1,'Shalkhuria'),(23869,21547,1,'Belaichandi'),(23870,21548,1,'Chandipur'),(23871,21549,1,'Habra'),(23872,21550,1,'Hamidpur'),(23873,21551,1,'Harirampur'),(23874,21552,1,'Manmathapur'),(23875,21553,1,'Mominpur'),(23876,21554,1,'Mostafapur'),(23877,21555,1,'Palashbari'),(23878,21556,1,'Rampur'),(23879,21557,1,'Aladipur'),(23880,21558,1,'Betdighi'),(23881,21559,1,'Daulatpur'),(23882,21560,1,'Eluary'),(23883,21561,1,'Kazihal'),(23884,21562,1,'Khoyerbari'),(23885,21563,1,'Shibnagar'),(23886,21564,1,'Alfadanga'),(23887,21565,1,'Bana'),(23888,21566,1,'Buraich'),(23889,21567,1,'Gopalpur'),(23890,21568,1,'Panchuria'),(23891,21569,1,'Tagarband'),(23892,21570,1,'Algi'),(23893,21571,1,'Azimnagar'),(23894,21572,1,'Chandra'),(23895,21573,1,'Chumurdi'),(23896,21574,1,'Gharua'),(23897,21575,1,'Hamirdi'),(23898,21576,1,'Kalamridha'),(23899,21577,1,'Kaolibera'),(23900,21578,1,'Manikdaha'),(23901,21579,1,'Nasirabad'),(23902,21580,1,'Nurullaganj'),(23903,21581,1,'Tuzarpur'),(23904,21582,1,'Boalmari'),(23905,21583,1,'Chandpur'),(23906,21584,1,'Chatul'),(23907,21585,1,'Dadpur'),(23908,21586,1,'Ghoshpur'),(23909,21587,1,'Gunbaha'),(23910,21588,1,'Moyna'),(23911,21589,1,'Parameshwardi'),(23912,21590,1,'Rupapat'),(23913,21591,1,'Satair'),(23914,21592,1,'Shekhar'),(23915,21593,1,'Char Bhadrasan'),(23916,21594,1,'Char Harirampur'),(23917,21595,1,'Char Jhaukanda'),(23918,21596,1,'Gazirtek'),(23919,21597,1,'Aliabad'),(23920,21598,1,'Ambikapur'),(23921,21599,1,'Charmadhabdia'),(23922,21600,1,'Dikrirchar'),(23923,21601,1,'Gerda'),(23924,21602,1,'Ishangopalpur'),(23925,21603,1,'Kanaipur'),(23926,21604,1,'Koijuri'),(23927,21605,1,'Krishnanagar'),(23928,21606,1,'Machhar'),(23929,21607,1,'Northchannel'),(23930,21608,1,'Bagat'),(23931,21609,1,'Dumain'),(23932,21610,1,'Gajna'),(23933,21611,1,'Jahapur'),(23934,21612,1,'Kamarkhali'),(23935,21613,1,'Madhukhali'),(23936,21614,1,'Meghdhami'),(23937,21615,1,'Nawapara'),(23938,21616,1,'Roypur'),(23939,21617,1,'Char Josardi'),(23940,21618,1,'Dangi'),(23941,21619,1,'Fulsuti'),(23942,21620,1,'Kaichail'),(23943,21621,1,'Kodalia Shahid Nagar'),(23944,21622,1,'Laskardia'),(23945,21623,1,'Purapara'),(23946,21624,1,'Ramnagar'),(23947,21625,1,'Talma'),(23948,21626,1,'Akoter Char'),(23949,21627,1,'Bhashanchar'),(23950,21628,1,'Char Bishnupur'),(23951,21629,1,'Char Manair'),(23952,21630,1,'Char Nasirpur'),(23953,21631,1,'Dheukhali'),(23954,21632,1,'Krishnapur'),(23955,21633,1,'Narikelbaria'),(23956,21634,1,'Sadarpur'),(23957,21635,1,'Atghar'),(23958,21636,1,'Ballabhdi'),(23959,21637,1,'Bhawal'),(23960,21638,1,'Gatti'),(23961,21639,1,'Jadunandi'),(23962,21640,1,'Majhardia'),(23963,21641,1,'Ramkantapur'),(23964,21642,1,'Sonapur'),(23965,21643,1,'Baria'),(23966,21644,1,'Bashan'),(23967,21645,1,'Gachha'),(23968,21646,1,'Kasimpur'),(23969,21647,1,'Kaultia'),(23970,21648,1,'Konabari'),(23971,21649,1,'Mirzapur'),(23972,21650,1,'Pubail'),(23973,21651,1,'Atabaha'),(23974,21652,1,'Boali'),(23975,21653,1,'Chapair'),(23976,21654,1,'Dhaljora'),(23977,21655,1,'Fulbaria'),(23978,21656,1,'Madhyapara'),(23979,21657,1,'Mouchak'),(23980,21658,1,'Sreefaltali'),(23981,21659,1,'Sutrapur'),(23982,21660,1,'Bahadursadi'),(23983,21661,1,'Baktarpur'),(23984,21662,1,'Jamalpur'),(23985,21663,1,'Jangalia'),(23986,21664,1,'Kaliganj'),(23987,21665,1,'Moktarpur'),(23988,21666,1,'Nagori'),(23989,21667,1,'Tumulia'),(23990,21668,1,'Barishab'),(23991,21669,1,'Chandpur'),(23992,21670,1,'Durgapur'),(23993,21671,1,'Ghagutia'),(23994,21672,1,'Kapasia'),(23995,21673,1,'Karihata'),(23996,21674,1,'Rayed'),(23997,21675,1,'Sanmania'),(23998,21676,1,'Singhasree'),(23999,21677,1,'Targaon'),(24000,21678,1,'Toke'),(24001,21679,1,'Barmi'),(24002,21680,1,'Gazipur'),(24003,21681,1,'Gosinga'),(24004,21682,1,'Kaoraid'),(24005,21683,1,'Maona'),(24006,21684,1,'Prahlladpur'),(24007,21685,1,'Rajabari'),(24008,21686,1,'Telihati'),(24009,21687,1,'Borashi'),(24010,21688,1,'Boultali'),(24011,21689,1,'Chandradighalia'),(24012,21690,1,'Durgapur'),(24013,21691,1,'Gobra'),(24014,21692,1,'Gopinathpur'),(24015,21693,1,'Haridaspur'),(24016,21694,1,'Jalalabad'),(24017,21695,1,'Kajulia'),(24018,21696,1,'Karpara'),(24019,21697,1,'Kathi'),(24020,21698,1,'Latifpur'),(24021,21699,1,'Majhigati'),(24022,21700,1,'Nizra'),(24023,21701,1,'Paikkandi'),(24024,21702,1,'Raghunathpur'),(24025,21703,1,'Sahapur'),(24026,21704,1,'Satpar'),(24027,21705,1,'Suktail'),(24028,21706,1,'Ulpur'),(24029,21707,1,'Urafi'),(24030,21708,1,'Bethuri'),(24031,21709,1,'Fukura'),(24032,21710,1,'Hatiara'),(24033,21711,1,'Kashiani'),(24034,21712,1,'Maheshpur'),(24035,21713,1,'Mamudpur'),(24036,21714,1,'Nijamkandi'),(24037,21715,1,'Orakandi'),(24038,21716,1,'Parulia'),(24039,21717,1,'Puisur'),(24040,21718,1,'Rajpat'),(24041,21719,1,'Ratoil'),(24042,21720,1,'Sajail'),(24043,21721,1,'Singa'),(24044,21722,1,'Amtali'),(24045,21723,1,'Bandhabari'),(24046,21724,1,'Ghaghar'),(24047,21725,1,'Hiron'),(24048,21726,1,'Kalabari'),(24049,21727,1,'Kandi'),(24050,21728,1,'Kushla'),(24051,21729,1,'Pinjuri'),(24052,21730,1,'Radhaganj'),(24053,21731,1,'Ramshil'),(24054,21732,1,'Sadullapur'),(24055,21733,1,'Suagram'),(24056,21734,1,'Bahugram'),(24057,21735,1,'Banshbaria'),(24058,21736,1,'Batikamari'),(24059,21737,1,'Bhabrasur'),(24060,21738,1,'Dignagar'),(24061,21739,1,'Gobindapur'),(24062,21740,1,'Gohala'),(24063,21741,1,'Jalirpar'),(24064,21742,1,'Kashalia'),(24065,21743,1,'Khandarpara'),(24066,21744,1,'Maharajpur'),(24067,21745,1,'Mochna'),(24068,21746,1,'Nanixmir'),(24069,21747,1,'Pashargati'),(24070,21748,1,'Radhdi'),(24071,21749,1,'Ujani'),(24072,21750,1,'Barni'),(24073,21751,1,'Dumuria'),(24074,21752,1,'Gopalpur'),(24075,21753,1,'Kushli'),(24076,21754,1,'Patgati'),(24077,21755,1,'Bagar Char'),(24078,21756,1,'Bakshiganj'),(24079,21757,1,'Battajore'),(24080,21758,1,'Dhanua Kamalpur'),(24081,21759,1,'Merur Char'),(24082,21760,1,'Nilaxmia'),(24083,21761,1,'Sadhu Para'),(24084,21762,1,'Bahadurabad'),(24085,21763,1,'Char Amkhaoa'),(24086,21764,1,'Chikajani'),(24087,21765,1,'Chukaibari'),(24088,21766,1,'Dangdhara'),(24089,21767,1,'Dewanganj'),(24090,21768,1,'Hatebhanga'),(24091,21769,1,'Parramrampur'),(24092,21770,1,'Belgachha'),(24093,21771,1,'Char Goalini'),(24094,21772,1,'Char Putimari'),(24095,21773,1,'Chinaduli'),(24096,21774,1,'Gaibandha'),(24097,21775,1,'Goaler Char'),(24098,21776,1,'Islampur'),(24099,21777,1,'Kulkandi'),(24100,21778,1,'Noarpara'),(24101,21779,1,'Palbandha'),(24102,21780,1,'Patharsi'),(24103,21781,1,'Sapdhari'),(24104,21782,1,'Banshchara'),(24105,21783,1,'Digpaith'),(24106,21784,1,'Ghoradhap'),(24107,21785,1,'Itail'),(24108,21786,1,'Kendua'),(24109,21787,1,'Laxmir Char'),(24110,21788,1,'Meshta'),(24111,21789,1,'Narundi'),(24112,21790,1,'Ranagachha'),(24113,21791,1,'Rashidpur'),(24114,21792,1,'Sahabajpur'),(24115,21793,1,'Sharifpur'),(24116,21794,1,'Sreepur'),(24117,21795,1,'Titpalla'),(24118,21796,1,'Tulsir Char'),(24119,21797,1,'Adarbhita'),(24120,21798,1,'Balijuri'),(24121,21799,1,'Char Pakerdaha'),(24122,21800,1,'Gunaritola'),(24123,21801,1,'Jorekhali'),(24124,21802,1,'Karaichura'),(24125,21803,1,'Sidhuli'),(24126,21804,1,'Adra'),(24127,21805,1,'Char Banipakuria'),(24128,21806,1,'Durmut'),(24129,21807,1,'Fulkocha'),(24130,21808,1,'Ghosher Para'),(24131,21809,1,'Jhaugara'),(24132,21810,1,'Kulia'),(24133,21811,1,'Mahmudpur'),(24134,21812,1,'Nangla'),(24135,21813,1,'Nayanagar'),(24136,21814,1,'Shyampur'),(24137,21815,1,'Aona'),(24138,21816,1,'Bhatara'),(24139,21817,1,'Doail'),(24140,21818,1,'Kamrabad'),(24141,21819,1,'Mahadan'),(24142,21820,1,'Pingna'),(24143,21821,1,'Pogaldigha'),(24144,21822,1,'Satpoa'),(24145,21823,1,'Adampur'),(24146,21824,1,'Austagram'),(24147,21825,1,'Bangal Para'),(24148,21826,1,'Deoghar'),(24149,21827,1,'Kalma'),(24150,21828,1,'Kastul'),(24151,21829,1,'Khayerpur Abdullahpur'),(24152,21830,1,'Purba Austagram'),(24153,21831,1,' Pirijpur'),(24154,21832,1,'Baliadi'),(24155,21833,1,'Dighirpar'),(24156,21834,1,'Dilalpur'),(24157,21835,1,'Gazir Char'),(24158,21836,1,'Halimpur'),(24159,21837,1,'Hilachia'),(24160,21838,1,'Humaipur'),(24161,21839,1,'Kailag'),(24162,21840,1,'Maij Char'),(24163,21841,1,'Sarar Char'),(24164,21842,1,'Aganagar'),(24165,21843,1,'Gazaria'),(24166,21844,1,'Kalikaprashad'),(24167,21845,1,'Sadekpur'),(24168,21846,1,'Shibpur'),(24169,21847,1,'Shimulkandi'),(24170,21848,1,'Sreenagar'),(24171,21849,1,'Araibari'),(24172,21850,1,'Gobindapur'),(24173,21851,1,'Jirani'),(24174,21852,1,'Pumdi'),(24175,21853,1,'Sahedal'),(24176,21854,1,'Sidhla'),(24177,21855,1,'Badla'),(24178,21856,1,'Baribari'),(24179,21857,1,'Chowganga'),(24180,21858,1,'Dhanpur'),(24181,21859,1,'Elongjuri'),(24182,21860,1,'Gazipur'),(24183,21861,1,'Itna'),(24184,21862,1,'Joysiddi'),(24185,21863,1,'Mrigha'),(24186,21864,1,'Raituti'),(24187,21865,1,'Baragharia'),(24188,21866,1,'Dehunda'),(24189,21867,1,'Gujadia'),(24190,21868,1,'Gundhar'),(24191,21869,1,'Jafarabad'),(24192,21870,1,'Joyka'),(24193,21871,1,'Kadir Jungle'),(24194,21872,1,'Karimganj'),(24195,21873,1,'Niamatpur'),(24196,21874,1,'Noabad'),(24197,21875,1,'Sutar Para'),(24198,21876,1,'Achmita'),(24199,21877,1,'Banagram'),(24200,21878,1,'Chandpur'),(24201,21879,1,'Jalalpur'),(24202,21880,1,'Kargaon'),(24203,21881,1,'Luhajuri'),(24204,21882,1,'Masua'),(24205,21883,1,'Mumurdia'),(24206,21884,1,'Shaha Dhulia'),(24207,21885,1,'Bawlai'),(24208,21886,1,'Binnati'),(24209,21887,1,'Chauddasata'),(24210,21888,1,'Dana Patuli'),(24211,21889,1,'Jasodal'),(24212,21890,1,'Korsha Kariail'),(24213,21891,1,'Latibabad'),(24214,21892,1,'Mahinanda'),(24215,21893,1,'Maij Khapan'),(24216,21894,1,'Maria'),(24217,21895,1,'Rashidabad'),(24218,21896,1,'Chhaysuti'),(24219,21897,1,'Faridpur'),(24220,21898,1,'Gubaria Abdullahpur'),(24221,21899,1,'Osmanpur'),(24222,21900,1,'Ramdi'),(24223,21901,1,'Salua'),(24224,21902,1,'Boirati'),(24225,21903,1,'Dhaki'),(24226,21904,1,'Ghagra'),(24227,21905,1,'Gopedighi'),(24228,21906,1,'Katkhal'),(24229,21907,1,'Kewarjore'),(24230,21908,1,'Mithamain'),(24231,21909,1,'Chhatirchar'),(24232,21910,1,'Dampara'),(24233,21911,1,'Gurue'),(24234,21912,1,'Jaraitala'),(24235,21913,1,'Karpasha'),(24236,21914,1,'Nikli'),(24237,21915,1,'Singpur'),(24238,21916,1,'Burdia'),(24239,21917,1,'Chandipasha'),(24240,21918,1,'Char Faradi'),(24241,21919,1,'Egarasindur'),(24242,21920,1,'Hosendi'),(24243,21921,1,'Jangalia'),(24244,21922,1,'Narandi'),(24245,21923,1,'Niamatpur'),(24246,21924,1,'Pakundia'),(24247,21925,1,'Patuabhanga'),(24248,21926,1,'Sukhia'),(24249,21927,1,'Damiha'),(24250,21928,1,'Dhala'),(24251,21929,1,'Digdair'),(24252,21930,1,'Jawar'),(24253,21931,1,'Rauti'),(24254,21932,1,'Talganga'),(24255,21933,1,'Tarail Sachail'),(24256,21934,1,'Andharijhar'),(24257,21935,1,'Bangasonahat'),(24258,21936,1,'Bhurungamari'),(24259,21937,1,'Boldia'),(24260,21938,1,'Charbhurungamari'),(24261,21939,1,'Joymanirhat'),(24262,21940,1,'Paikerchhara'),(24263,21941,1,'Pathardubi'),(24264,21942,1,'Shilkhuri'),(24265,21943,1,'Tilai'),(24266,21944,1,'Kodalkati'),(24267,21945,1,'Mohanganj'),(24268,21946,1,'Mohanganj'),(24269,21947,1,'Rajibpur'),(24270,21948,1,'Rajibpur'),(24271,21949,1,'Ashtamirchar'),(24272,21950,1,'Chirmari'),(24273,21951,1,'Nayarhat'),(24274,21952,1,'Ramna'),(24275,21953,1,'Raniganj'),(24276,21954,1,'Thanahat'),(24277,21955,1,'Belgachha'),(24278,21956,1,'Bhogdanga'),(24279,21957,1,'Ghogadaha'),(24280,21958,1,'Holukhan'),(24281,21959,1,'Jatrapur'),(24282,21960,1,'Kanthalbari'),(24283,21961,1,'Mogalbasa'),(24284,21962,1,'Panchgachhi'),(24285,21963,1,'Ballaverkhas'),(24286,21964,1,'Bamandanga'),(24287,21965,1,'Berubari'),(24288,21966,1,'Bhitarband'),(24289,21967,1,'Hasnabad'),(24290,21968,1,'Kachakata'),(24291,21969,1,'Kaliganj'),(24292,21970,1,'Kedar'),(24293,21971,1,'Narayanpur'),(24294,21972,1,'Newashi'),(24295,21973,1,'Noonkhawa'),(24296,21974,1,'Ramkhan'),(24297,21975,1,'Royganj'),(24298,21976,1,'Santoshpur'),(24299,21977,1,'Baravita'),(24300,21978,1,'Bhangamore'),(24301,21979,1,'Kashipur'),(24302,21980,1,'Naodanga'),(24303,21981,1,'Phulbari'),(24304,21982,1,'Shimulbari'),(24305,21983,1,'Bidyananda'),(24306,21984,1,'Chakirpashar'),(24307,21985,1,'Chhinai'),(24308,21986,1,'Gharialdanga'),(24309,21987,1,'Nazimkhan'),(24310,21988,1,'Rajarhat'),(24311,21989,1,'Umar Majid'),(24312,21990,1,'Bandaber'),(24313,21991,1,'Dantbhanga'),(24314,21992,1,'Jadurchar'),(24315,21993,1,'Raomari'),(24316,21994,1,'Shailmari'),(24317,21995,1,'Bazra'),(24318,21996,1,'Begumganj'),(24319,21997,1,'Buraburi'),(24320,21998,1,'Daldalia'),(24321,21999,1,'Dhamosreni'),(24322,22000,1,'Dharanibari'),(24323,22001,1,'Durgapur'),(24324,22002,1,'Gunaigachh'),(24325,22003,1,'Hatia'),(24326,22004,1,'Pandul'),(24327,22005,1,'Saheber Alga'),(24328,22006,1,'Tabakpur'),(24329,22007,1,'Thetrai'),(24330,22008,1,'Alinagar'),(24331,22009,1,'Baligram'),(24332,22010,1,'Banshgari'),(24333,22011,1,'Dasar'),(24334,22012,1,'Enayetnagar'),(24335,22013,1,'Gopalpur'),(24336,22014,1,'Kayaria'),(24337,22015,1,'Kazi Bakai'),(24338,22016,1,'Khoajpur'),(24339,22017,1,'Kunia'),(24340,22018,1,'Laxmipur'),(24341,22019,1,'Nabagram'),(24342,22020,1,'Ramjanpur'),(24343,22021,1,'Sahebrampur'),(24344,22022,1,'Shikar Mangal'),(24345,22023,1,'Sidikhan'),(24346,22024,1,'Bahadurpur'),(24347,22025,1,'Chhilarchar'),(24348,22026,1,'Dhurail'),(24349,22027,1,'Dudhkhali'),(24350,22028,1,'Ghatmajhi'),(24351,22029,1,'Jhaudi'),(24352,22030,1,'Kalikapur'),(24353,22031,1,'Kendua'),(24354,22032,1,'Khoajpur'),(24355,22033,1,'Kunia'),(24356,22034,1,'Mostafapur'),(24357,22035,1,'Panchkhola'),(24358,22036,1,'Pearpur'),(24359,22037,1,'Rasti'),(24360,22038,1,'Sirkhara'),(24361,22039,1,'Amgram'),(24362,22040,1,'Badarpasha'),(24363,22041,1,'Bajitpur'),(24364,22042,1,'Hossainpur'),(24365,22043,1,'Ishibpur'),(24366,22044,1,'Kabirajpur'),(24367,22045,1,'Kadambari'),(24368,22046,1,'Khalia'),(24369,22047,1,'Mahendradi-Haridasdee'),(24370,22048,1,'Paikpara'),(24371,22049,1,'Rajoir'),(24372,22050,1,'Bandarkhola'),(24373,22051,1,'Banshkandi'),(24374,22052,1,'Bhadrasan'),(24375,22053,1,'Bhandarikandi'),(24376,22054,1,'Boheratala'),(24377,22055,1,'Charjanajat'),(24378,22056,1,'Dattapara'),(24379,22057,1,'Ditiya Khanda'),(24380,22058,1,'Kadirpur'),(24381,22059,1,'Kanthalbari'),(24382,22060,1,'Kutubpur'),(24383,22061,1,'Madaber Char'),(24384,22062,1,'Nilakhi'),(24385,22063,1,'Panchchar'),(24386,22064,1,'Sannyasir Char'),(24387,22065,1,'Shibchar'),(24388,22066,1,'Siruail'),(24389,22067,1,'Umedpur'),(24390,22068,1,'Bachamara'),(24391,22069,1,'Baghutia'),(24392,22070,1,'Chakmirpur'),(24393,22071,1,'Char Katari'),(24394,22072,1,'Dhamswar'),(24395,22073,1,'Jiyanpur'),(24396,22074,1,'Khalshi'),(24397,22075,1,'Kolia'),(24398,22076,1,'Baliakhora'),(24399,22077,1,'Baniajuri'),(24400,22078,1,'Baratia'),(24401,22079,1,'Ghior'),(24402,22080,1,'Nali'),(24403,22081,1,'Poyla'),(24404,22082,1,'Singjuri'),(24405,22083,1,'Azimnagar'),(24406,22084,1,'Balla'),(24407,22085,1,'Balra'),(24408,22086,1,'Boyra'),(24409,22087,1,'Chala'),(24410,22088,1,'Dhulsura'),(24411,22089,1,'Gala'),(24412,22090,1,'Gopinathpur'),(24413,22091,1,'Harukandi'),(24414,22092,1,'Kanchanpur'),(24415,22093,1,'Lechraganj'),(24416,22094,1,'Ramkrishnapur'),(24417,22095,1,'Sutalari'),(24418,22096,1,'Atigram'),(24419,22097,1,'Betila-Mitra'),(24420,22098,1,'Bhararia'),(24421,22099,1,'Dighi'),(24422,22100,1,'Garpara'),(24423,22101,1,'Hatipara'),(24424,22102,1,'Jagir'),(24425,22103,1,'Krishnapur'),(24426,22104,1,'Nabagram'),(24427,22105,1,'Putail'),(24428,22106,1,'Baliati'),(24429,22107,1,'Baraid'),(24430,22108,1,'Daragram'),(24431,22109,1,'Dhankora'),(24432,22110,1,'Dighulia'),(24433,22111,1,'Fukurhati'),(24434,22112,1,'Hargaz'),(24435,22113,1,'Saturia'),(24436,22114,1,'Tilli'),(24437,22115,1,'Arua'),(24438,22116,1,'Mohadebpur'),(24439,22117,1,'Shibalay'),(24440,22118,1,'Shimulia'),(24441,22119,1,'Teota'),(24442,22120,1,'Ulail'),(24443,22121,1,'Uthuli'),(24444,22122,1,'Baldhara'),(24445,22123,1,'Bayra'),(24446,22124,1,'Chandhar'),(24447,22125,1,'Charigram'),(24448,22126,1,'Dhalla'),(24449,22127,1,'Jamsha'),(24450,22128,1,'Jarmita'),(24451,22129,1,'Joymantap'),(24452,22130,1,'Sayesta'),(24453,22131,1,'Singair'),(24454,22132,1,'Talebpur'),(24455,22133,1,'Bhaluka'),(24456,22134,1,'Bharadoba'),(24457,22135,1,'Birunia'),(24458,22136,1,'Dakatia'),(24459,22137,1,'Dhitpur'),(24460,22138,1,'Habirbari'),(24461,22139,1,'Kachina'),(24462,22140,1,'Mallikbari'),(24463,22141,1,'Meduary'),(24464,22142,1,'Rajai'),(24465,22143,1,'Uthura'),(24466,22144,1,'Bagber'),(24467,22145,1,'Dakshin Maijpara'),(24468,22146,1,'Dobaura'),(24469,22147,1,'Gamaritala'),(24470,22148,1,'Ghoshgaon'),(24471,22149,1,'Guatala'),(24472,22150,1,'Pora Kandulia'),(24473,22151,1,'Achhim Patuli'),(24474,22152,1,'Bakta'),(24475,22153,1,'Balian'),(24476,22154,1,'Bhabanipur'),(24477,22155,1,'Dewkhola'),(24478,22156,1,'Enayetpur'),(24479,22157,1,'Fulbaria'),(24480,22158,1,'Kaladaha'),(24481,22159,1,'Kushmail'),(24482,22160,1,'Naogaon'),(24483,22161,1,'Putijana'),(24484,22162,1,'Radhakanai'),(24485,22163,1,'Rangamatia'),(24486,22164,1,'Barobaria'),(24487,22165,1,'Char Algi'),(24488,22166,1,'Datter Bazar'),(24489,22167,1,'Gaffargaon'),(24490,22168,1,'Jessora'),(24491,22169,1,'Langair'),(24492,22170,1,'Mashakhali'),(24493,22171,1,'Niguari'),(24494,22172,1,'Paithal'),(24495,22173,1,'Panchbag'),(24496,22174,1,'Raona'),(24497,22175,1,'Rasulpur'),(24498,22176,1,'Saltia'),(24499,22177,1,'Tengabu'),(24500,22178,1,'Usthi'),(24501,22179,1,'Achintapur'),(24502,22180,1,'Bhangnamari'),(24503,22181,1,'Bokainagar'),(24504,22182,1,'Dewhakhula'),(24505,22183,1,'Gauripur'),(24506,22184,1,'Maoha'),(24507,22185,1,'Myenkanda'),(24508,22186,1,'Ramgopalpur'),(24509,22187,1,'Sahanati'),(24510,22188,1,'Sidhla'),(24511,22189,1,'Amtail'),(24512,22190,1,'Bhubankura'),(24513,22191,1,'Bildoara'),(24514,22192,1,'Dhara'),(24515,22193,1,'Dhurail'),(24516,22194,1,'Gazirbhita'),(24517,22195,1,'Haluaghat'),(24518,22196,1,'Jugli'),(24519,22197,1,'Kaichapur'),(24520,22198,1,'Narail'),(24521,22199,1,'Sakuai'),(24522,22200,1,'Swadeshi'),(24523,22201,1,'Atharabari'),(24524,22202,1,'Barahit'),(24525,22203,1,'Ishwarganj'),(24526,22204,1,'Jatia'),(24527,22205,1,'Maijbag'),(24528,22206,1,'Maktola'),(24529,22207,1,'Rajibpur'),(24530,22208,1,'Sarisha'),(24531,22209,1,'Sohagi'),(24532,22210,1,'Tarundia'),(24533,22211,1,'Uchakhila'),(24534,22212,1,'Baragram'),(24535,22213,1,'Basati'),(24536,22214,1,'Dattagaon'),(24537,22215,1,'Dulla'),(24538,22216,1,'Ghoga'),(24539,22217,1,'Kashempur'),(24540,22218,1,'Kheruajani'),(24541,22219,1,'Kumarghata'),(24542,22220,1,'Mankon'),(24543,22221,1,'Tarati'),(24544,22222,1,'Akua'),(24545,22223,1,'Ashtadhar'),(24546,22224,1,'Bhabakhali'),(24547,22225,1,'Borar Char'),(24548,22226,1,'Boyera (Kewatkhali)'),(24549,22227,1,'Char Ishwardia'),(24550,22228,1,'Char Nilaxmia'),(24551,22229,1,'Dapunia'),(24552,22230,1,'Ghagra'),(24553,22231,1,'Khagdahar'),(24554,22232,1,'Kushtia'),(24555,22233,1,'Paranganj'),(24556,22234,1,'Sirta'),(24557,22235,1,'Achargaon'),(24558,22236,1,'Betagair'),(24559,22237,1,'Chandipasha'),(24560,22238,1,'Gangail'),(24561,22239,1,'Jahangirpur'),(24562,22240,1,'Kharua'),(24563,22241,1,'Moazzempur'),(24564,22242,1,'Musulli'),(24565,22243,1,'Nandail'),(24566,22244,1,'Rajgati'),(24567,22245,1,'Sherpur'),(24568,22246,1,'Singrail'),(24569,22247,1,'Balia'),(24570,22248,1,'Balikhan'),(24571,22249,1,'Banihala'),(24572,22250,1,'Baola'),(24573,22251,1,'Bhaitkandi'),(24574,22252,1,'Bishka'),(24575,22253,1,'Dhakua'),(24576,22254,1,'Fulpur'),(24577,22255,1,'Galagaon'),(24578,22256,1,'Kakni'),(24579,22257,1,'Kamargaon'),(24580,22258,1,'Kamaria'),(24581,22259,1,'Payari'),(24582,22260,1,'Rahimganj'),(24583,22261,1,'Rambhadrapur'),(24584,22262,1,'Rampur'),(24585,22263,1,'Rupasi'),(24586,22264,1,'Sawndhara'),(24587,22265,1,'Singheshwar'),(24588,22266,1,'Tarakanda'),(24589,22267,1,'Amiabari'),(24590,22268,1,'Bailar'),(24591,22269,1,'Bali Para'),(24592,22270,1,'Dhanikhola'),(24593,22271,1,'Harirampur'),(24594,22272,1,'Kanihari'),(24595,22273,1,'Kanthal'),(24596,22274,1,'Mathbaria'),(24597,22275,1,'Mokshapur'),(24598,22276,1,'Rampur'),(24599,22277,1,'Sakhua'),(24600,22278,1,'Trishal'),(24601,22279,1,'Araihazar'),(24602,22280,1,'Bishnadi'),(24603,22281,1,'Brahmandi'),(24604,22282,1,'Duptara'),(24605,22283,1,'Fatepur'),(24606,22284,1,'Haizadi'),(24607,22285,1,'Kalaipaharia'),(24608,22286,1,'Khagakanda'),(24609,22287,1,'Mahmudpur'),(24610,22288,1,'Sadasadi'),(24611,22289,1,'Satgram'),(24612,22290,1,'Uchitpura'),(24613,22291,1,'Bandar'),(24614,22292,1,'Dhamgar'),(24615,22293,1,'Kolagachia'),(24616,22294,1,'Madanpur'),(24617,22295,1,'Musapur'),(24618,22296,1,'Alirtek'),(24619,22297,1,'Baktabali'),(24620,22298,1,'Enayetnagar'),(24621,22299,1,'Fatulla'),(24622,22300,1,'Godnail'),(24623,22301,1,'Gognagar'),(24624,22302,1,'Kashipur'),(24625,22303,1,'Kutubpur'),(24626,22304,1,'Siddirganj'),(24627,22305,1,'Sumilpara'),(24628,22306,1,'Bholabo'),(24629,22307,1,'Bhulta'),(24630,22308,1,'Daudpur'),(24631,22309,1,'Holakandail'),(24632,22310,1,'Kayetpara'),(24633,22311,1,'Murapara'),(24634,22312,1,'Rupganj'),(24635,22313,1,'Baidyerbazar'),(24636,22314,1,'Baradi'),(24637,22315,1,'Jampur'),(24638,22316,1,'Kachpur'),(24639,22317,1,'Mograpara'),(24640,22318,1,'Noagaon'),(24641,22319,1,'Pirojpur'),(24642,22320,1,'Sadipur'),(24643,22321,1,'Sanmanadi'),(24644,22322,1,'Shambhupura'),(24645,22323,1,'Amlaba'),(24646,22324,1,'Bajnabo'),(24647,22325,1,'Belabo'),(24648,22326,1,'Binnabaid'),(24649,22327,1,'Charujilab'),(24650,22328,1,'Narayanpur'),(24651,22329,1,'Patuli'),(24652,22330,1,'Sallabad'),(24653,22331,1,'Akduaria'),(24654,22332,1,'Barachapa'),(24655,22333,1,'Chalakchar'),(24656,22334,1,'Chandanbari'),(24657,22335,1,'Charmandalia'),(24658,22336,1,'Daulatpur'),(24659,22337,1,'Gotashia'),(24660,22338,1,'Kanchikata'),(24661,22339,1,'Khidirpur'),(24662,22340,1,'Lebutala'),(24663,22341,1,'Shukundi'),(24664,22342,1,'Alokbali'),(24665,22343,1,'Amdia'),(24666,22344,1,'Chardighaldi'),(24667,22345,1,'Chinishpur'),(24668,22346,1,'Hajipur'),(24669,22347,1,'Karimpur'),(24670,22348,1,'Kathalia'),(24671,22349,1,'Mahishasura'),(24672,22350,1,'Meherpara'),(24673,22351,1,'Nazarpur'),(24674,22352,1,'Nuralapur'),(24675,22353,1,'Panchdona'),(24676,22354,1,'Poikarchar'),(24677,22355,1,'Silmandi'),(24678,22356,1,'Char Sindur'),(24679,22357,1,'Danga'),(24680,22358,1,'Gazaria'),(24681,22359,1,'Jinardi'),(24682,22360,1,'Adiabad'),(24683,22361,1,'Alipura'),(24684,22362,1,'Amirganj'),(24685,22363,1,'Banshgari'),(24686,22364,1,'Chanderkandi'),(24687,22365,1,'Chanpur'),(24688,22366,1,'Char Aralia'),(24689,22367,1,'Charmadhua'),(24690,22368,1,'Charsubuddi'),(24691,22369,1,'Dowkarchar'),(24692,22370,1,'Hairmara'),(24693,22371,1,'Maheshpur'),(24694,22372,1,'Marjal'),(24695,22373,1,'Mirzanagar'),(24696,22374,1,'Mirzapur'),(24697,22375,1,'Mirzarchar'),(24698,22376,1,'Musapur'),(24699,22377,1,'Nilakhya'),(24700,22378,1,'Palashtali'),(24701,22379,1,'Paratali'),(24702,22380,1,'Radhanagar'),(24703,22381,1,'Roypura'),(24704,22382,1,'Sreenagar'),(24705,22383,1,'Uttarbakharnagar'),(24706,22384,1,'Ayubpur'),(24707,22385,1,'Baghaba'),(24708,22386,1,'Chakradha'),(24709,22387,1,'Dulalpur'),(24710,22388,1,'Joshor'),(24711,22389,1,'Joynagar'),(24712,22390,1,'Machhimpur'),(24713,22391,1,'Putia'),(24714,22392,1,'Sadharchar'),(24715,22393,1,'Thetrai'),(24716,22394,1,'Baniajan'),(24717,22395,1,'Duaz'),(24718,22396,1,'Loneshwar'),(24719,22397,1,'Sawarmusia'),(24720,22398,1,'Sukhari'),(24721,22399,1,'Sunai'),(24722,22400,1,'Teligati'),(24723,22401,1,'Asma'),(24724,22402,1,'Barhatta'),(24725,22403,1,'Bausi'),(24726,22404,1,'Chhiram'),(24727,22405,1,'Roypur'),(24728,22406,1,'Sahata'),(24729,22407,1,'Singdha'),(24730,22408,1,'Bakaljora'),(24731,22409,1,'Birisiri'),(24732,22410,1,'Chandigarh'),(24733,22411,1,'Durgapur'),(24734,22412,1,'Gawakandi'),(24735,22413,1,'Kakairgara'),(24736,22414,1,'Kullagara'),(24737,22415,1,'Bara Khapan'),(24738,22416,1,'Kailati'),(24739,22417,1,'Kalmakanda'),(24740,22418,1,'Kharnai'),(24741,22419,1,'Lengura'),(24742,22420,1,'Nazirpur'),(24743,22421,1,'Pogla'),(24744,22422,1,'Rangchhati'),(24745,22423,1,'Asujia'),(24746,22424,1,'Balaishimul'),(24747,22425,1,'Chirang'),(24748,22426,1,'Dalpa'),(24749,22427,1,'Ganda'),(24750,22428,1,'Garadoba'),(24751,22429,1,'Kandiura'),(24752,22430,1,'Mashka'),(24753,22431,1,'Muzaffarpur'),(24754,22432,1,'Noapara'),(24755,22433,1,'Paikura'),(24756,22434,1,'Roailbari'),(24757,22435,1,'Sandikona'),(24758,22436,1,'Chakua'),(24759,22437,1,'Gazipur'),(24760,22438,1,'Khaliajuri'),(24761,22439,1,'Krishnapur'),(24762,22440,1,'Mendipur'),(24763,22441,1,'Nagar'),(24764,22442,1,'Changaon'),(24765,22443,1,'Fatehpur'),(24766,22444,1,'Gobindasree'),(24767,22445,1,'Kaitail'),(24768,22446,1,'Madan'),(24769,22447,1,'Maghan'),(24770,22448,1,'Nayekpur'),(24771,22449,1,'Tiasree'),(24772,22450,1,'Bara Kashia Birampur'),(24773,22451,1,'Baratali Banihari'),(24774,22452,1,'Gaglajore'),(24775,22453,1,'Maghan Siadhar'),(24776,22454,1,'Samaj Sahildeo'),(24777,22455,1,'Suair'),(24778,22456,1,'Tentulia'),(24779,22457,1,'Amtala'),(24780,22458,1,'Challisha'),(24781,22459,1,'Dakshin Bishiura'),(24782,22460,1,'Kailati'),(24783,22461,1,'Kaliara Gabragati'),(24784,22462,1,'Laxmiganj'),(24785,22463,1,'Madanpur'),(24786,22464,1,'Maugati'),(24787,22465,1,'Medni'),(24788,22466,1,'Rauha'),(24789,22467,1,'Singher Bangla'),(24790,22468,1,'Thakurakona'),(24791,22469,1,'Agia'),(24792,22470,1,'Bairati'),(24793,22471,1,'Bishkakunia'),(24794,22472,1,'Dhala Mulgaon'),(24795,22473,1,'Ghagra'),(24796,22474,1,'Gohalakanda'),(24797,22475,1,'Hogla'),(24798,22476,1,'Jaria'),(24799,22477,1,'Khalishaur'),(24800,22478,1,'Narandia'),(24801,22479,1,'Purbadhala'),(24802,22480,1,'Balapara'),(24803,22481,1,'Dimla'),(24804,22482,1,'Gayabari'),(24805,22483,1,'Jhunagachhchapani'),(24806,22484,1,'Khalishachapani'),(24807,22485,1,'Khogakharibari'),(24808,22486,1,'Naotara'),(24809,22487,1,'Paschimchhatnai'),(24810,22488,1,'Purbachhatnai'),(24811,22489,1,'Tepakharibari'),(24812,22490,1,'Bamunia'),(24813,22491,1,'Bhogdaburi'),(24814,22492,1,'Boragari'),(24815,22493,1,'Domar'),(24816,22494,1,'Gomnati'),(24817,22495,1,'Harinchara'),(24818,22496,1,'Jorabari'),(24819,22497,1,'Ketkibari'),(24820,22498,1,'Pangamutakpur'),(24821,22499,1,'Sonaroy'),(24822,22500,1,'Balagram'),(24823,22501,1,'Daoabari'),(24824,22502,1,'Dharmapal'),(24825,22503,1,'Golmunda'),(24826,22504,1,'Golna'),(24827,22505,1,'Kanthali'),(24828,22506,1,'Khutamara'),(24829,22507,1,'Koimari'),(24830,22508,1,'Mirganj'),(24831,22509,1,'Shimulbari'),(24832,22510,1,'Shoulmari'),(24833,22511,1,'Bahagili'),(24834,22512,1,'Barabhita'),(24835,22513,1,'Chandkhana'),(24836,22514,1,'Garagram'),(24837,22515,1,'Kishoreganj'),(24838,22516,1,'Magura'),(24839,22517,1,'Nitai'),(24840,22518,1,'Putimari'),(24841,22519,1,'Ranachandi'),(24842,22520,1,'Chaorabargachha'),(24843,22521,1,'Chaprasaramjani'),(24844,22522,1,'Charaikhola'),(24845,22523,1,'Gorgram'),(24846,22524,1,'Itakhola'),(24847,22525,1,'Kachukata'),(24848,22526,1,'Khokshabari'),(24849,22527,1,'Kundupukur'),(24850,22528,1,'Laxmichap'),(24851,22529,1,'Palashbari'),(24852,22530,1,'Panchapukur'),(24853,22531,1,'Ramnagar'),(24854,22532,1,'Sonaroy'),(24855,22533,1,'Songolshi'),(24856,22534,1,'Tupamari'),(24857,22535,1,'Bangalipur'),(24858,22536,1,'Botlagari'),(24859,22537,1,'Kamarpukur'),(24860,22538,1,'Khatamadhupur'),(24861,22539,1,'Kushirambelpukur'),(24862,22540,1,'Adabaria'),(24863,22541,1,'Bauphal'),(24864,22542,1,'Boga'),(24865,22543,1,'Daspara'),(24866,22544,1,'Dhulia'),(24867,22545,1,'Kalaiya'),(24868,22546,1,'Kalisuri'),(24869,22547,1,'Kanakdia'),(24870,22548,1,'Kanchi Para'),(24871,22549,1,'Keshabpur'),(24872,22550,1,'Madanpura'),(24873,22551,1,'Nazirpur'),(24874,22552,1,'Nowmala'),(24875,22553,1,'Surjyamani'),(24876,22554,1,'Alipura'),(24877,22555,1,'Bahrampur'),(24878,22556,1,'Banshbaria'),(24879,22557,1,'Betagi Sankipur'),(24880,22558,1,'Dasmina'),(24881,22559,1,'Rangopaldi'),(24882,22560,1,'Amkhola'),(24883,22561,1,'Bakulbaria'),(24884,22562,1,'Bara Baisdia'),(24885,22563,1,'Chalitabunia'),(24886,22564,1,'Char Bishwas'),(24887,22565,1,'Char Kajal'),(24888,22566,1,'Char Montaj'),(24889,22567,1,'Chhota Baisdia'),(24890,22568,1,'Chiknikandi'),(24891,22569,1,'Dakua'),(24892,22570,1,'Galachipa'),(24893,22571,1,'Gazalia'),(24894,22572,1,'Golkhali'),(24895,22573,1,'Kallyankalas'),(24896,22574,1,'Panpatty'),(24897,22575,1,'Rangabali'),(24898,22576,1,'Ratandi Taltali'),(24899,22577,1,'Chakamaiya'),(24900,22578,1,'Dhankhali'),(24901,22579,1,'Dhulaswar'),(24902,22580,1,'Khaprabhanga'),(24903,22581,1,'Lalua'),(24904,22582,1,'Lata Chapli'),(24905,22583,1,'Mithaganj'),(24906,22584,1,'Nilganj'),(24907,22585,1,'Tiakhali'),(24908,22586,1,'Amragachhia'),(24909,22587,1,'Deuli Subidkhali'),(24910,22588,1,'Kakrabunia'),(24911,22589,1,'Madhabkhali'),(24912,22590,1,'Mazidbaria'),(24913,22591,1,'Mirzaganj'),(24914,22592,1,'Auliapur'),(24915,22593,1,'Badarpur'),(24916,22594,1,'Bara Bighai'),(24917,22595,1,'Chhota Bighai'),(24918,22596,1,'Itabaria'),(24919,22597,1,'Jainkathi'),(24920,22598,1,'Kalikapur'),(24921,22599,1,'Kamalapur'),(24922,22600,1,'Lohalia'),(24923,22601,1,'Lowkathi'),(24924,22602,1,'Madarbunia'),(24925,22603,1,'Marichbunia'),(24926,22604,1,'Baharpur'),(24927,22605,1,'Baliakandi'),(24928,22606,1,'Islampur'),(24929,22607,1,'Jamalpur'),(24930,22608,1,'Jangal'),(24931,22609,1,'Narua'),(24932,22610,1,'Nawabpur'),(24933,22611,1,'Chhotabhakla'),(24934,22612,1,'Daulatdia'),(24935,22613,1,'Debagram'),(24936,22614,1,'Ujanchar'),(24937,22615,1,'Boalia'),(24938,22616,1,'Kalikapur'),(24939,22617,1,'Madapur'),(24940,22618,1,'Majbari'),(24941,22619,1,'Mrigi'),(24942,22620,1,'Ratandia'),(24943,22621,1,'Sawrail'),(24944,22622,1,'Babupara'),(24945,22623,1,'Bahadurpur'),(24946,22624,1,'Habashpur'),(24947,22625,1,'Jhashai'),(24948,22626,1,'Kalimahar'),(24949,22627,1,'Kasbamajail'),(24950,22628,1,'Machhpara'),(24951,22629,1,'Maurat'),(24952,22630,1,'Patta'),(24953,22631,1,'Sarisha'),(24954,22632,1,'Alipur'),(24955,22633,1,'Banibaha'),(24956,22634,1,'Barat'),(24957,22635,1,'Basantapur'),(24958,22636,1,'Chandani'),(24959,22637,1,'Dadshi'),(24960,22638,1,'Khanganj'),(24961,22639,1,'Khankhanapur'),(24962,22640,1,'Mizanpur'),(24963,22641,1,'Mulghar'),(24964,22642,1,'Panchuria'),(24965,22643,1,'Ramkantapur'),(24966,22644,1,'Shahid Wahabpur'),(24967,22645,1,'Sultanpur'),(24968,22646,1,'Bajubagha'),(24969,22647,1,'Bausa'),(24970,22648,1,'Gargari'),(24971,22649,1,'Manigram'),(24972,22650,1,'Pakuria'),(24973,22651,1,'Aichpara'),(24974,22652,1,'Barabihanoli'),(24975,22653,1,'Basupara'),(24976,22654,1,'Dwippur'),(24977,22655,1,'Ganipur'),(24978,22656,1,'Goalkandi'),(24979,22657,1,'Gobinda Para'),(24980,22658,1,'Hamirkutsha'),(24981,22659,1,'Jhikra'),(24982,22660,1,'Jogipara'),(24983,22661,1,'Kachari-Koalipara'),(24984,22662,1,'Maria'),(24985,22663,1,'Nordas'),(24986,22664,1,'Sonadanga'),(24987,22665,1,'Sreepur'),(24988,22666,1,'Subhadanga'),(24989,22667,1,'Bhaya Laxmipur'),(24990,22668,1,'Charghat'),(24991,22669,1,'Nimpara'),(24992,22670,1,'Salua'),(24993,22671,1,'Sardah'),(24994,22672,1,'Yousufpur'),(24995,22673,1,'Deluabari'),(24996,22674,1,'Jhaluka'),(24997,22675,1,'Joynagar'),(24998,22676,1,'Kismatgankoir'),(24999,22677,1,'Maria'),(25000,22678,1,'Nowpara'),(25001,22679,1,'Pananagar'),(25002,22680,1,'Basudebpur'),(25003,22681,1,'Char Ashariadaha'),(25004,22682,1,'Dewpara'),(25005,22683,1,'Godagari'),(25006,22684,1,'Gogram'),(25007,22685,1,'Matikata'),(25008,22686,1,'Mohanpur'),(25009,22687,1,'Pakri'),(25010,22688,1,'Rishikul'),(25011,22689,1,'Bachshimuil'),(25012,22690,1,'Dhurail'),(25013,22691,1,'Ghasigram'),(25014,22692,1,'Jahanabad'),(25015,22693,1,'Mougachhi'),(25016,22694,1,'Royghati'),(25017,22695,1,'Baragachhi'),(25018,22696,1,'Damkur'),(25019,22697,1,'Darshan Para'),(25020,22698,1,'Haragram'),(25021,22699,1,'Harian'),(25022,22700,1,'Haripur'),(25023,22701,1,'Hujuri Para'),(25024,22702,1,'Parila'),(25025,22703,1,'Baneshwar'),(25026,22704,1,'Belpukuria'),(25027,22705,1,'Bhalukgachhi'),(25028,22706,1,'Jewpara'),(25029,22707,1,'Puthia'),(25030,22708,1,'Silmaria'),(25031,22709,1,'Badhair'),(25032,22710,1,'Chanduria'),(25033,22711,1,'Kalma'),(25034,22712,1,'Kamargaon'),(25035,22713,1,'Pachandar'),(25036,22714,1,'Soronjai'),(25037,22715,1,'Talonda'),(25038,22716,1,'Bishnupur'),(25039,22717,1,'Damodarpur'),(25040,22718,1,'Gopalpur'),(25041,22719,1,'Gopinathpur'),(25042,22720,1,'Kalupara'),(25043,22721,1,'Kutubpur'),(25044,22722,1,'Lohanipara'),(25045,22723,1,'Madhupur'),(25046,22724,1,'Radhanagar'),(25047,22725,1,'Ramnathpur'),(25048,22726,1,'Alambiditor'),(25049,22727,1,'Barabil'),(25050,22728,1,'Betgari'),(25051,22729,1,'Gajaghanta'),(25052,22730,1,'Gangachara'),(25053,22731,1,'Kholeya'),(25054,22732,1,'Kolkond'),(25055,22733,1,'Laxmitari'),(25056,22734,1,'Maraneya'),(25057,22735,1,'Nohali'),(25058,22736,1,'Haragachh'),(25059,22737,1,'Kaunia Balapara'),(25060,22738,1,'Kursha'),(25061,22739,1,'Sarai'),(25062,22740,1,'Shahidbagh'),(25063,22741,1,'Tepamadhupur'),(25064,22742,1,'Balarhat'),(25065,22743,1,'Baluamasimpur'),(25066,22744,1,'Bara Hazratpur'),(25067,22745,1,'Barabala'),(25068,22746,1,'Bhangni'),(25069,22747,1,'Chengmari'),(25070,22748,1,'Durgapur'),(25071,22749,1,'Gopalpur'),(25072,22750,1,'Imadpur'),(25073,22751,1,'Kafrikhal'),(25074,22752,1,'Khoragachh'),(25075,22753,1,'Latibpur'),(25076,22754,1,'Malonpur'),(25077,22755,1,'Mirzapur'),(25078,22756,1,'Moyenpur'),(25079,22757,1,'Pairaband'),(25080,22758,1,'Ranipukur'),(25081,22759,1,'Annadannagar'),(25082,22760,1,'Chhaola'),(25083,22761,1,'Itakumari'),(25084,22762,1,'Kalyani'),(25085,22763,1,'Kandi'),(25086,22764,1,'Koikuri'),(25087,22765,1,'Parul'),(25088,22766,1,'Pirgachha'),(25089,22767,1,'Tambulpur'),(25090,22768,1,'Bara Alampur'),(25091,22769,1,'Bara Dargah'),(25092,22770,1,'Bhendabari'),(25093,22771,1,'Chaitrakal'),(25094,22772,1,'Chatra'),(25095,22773,1,'Kabilpur'),(25096,22774,1,'Kumedpur'),(25097,22775,1,'Madankhali'),(25098,22776,1,'Mithipur'),(25099,22777,1,'Panchgachhi'),(25100,22778,1,'Pirganj'),(25101,22779,1,'Ramnathpur'),(25102,22780,1,'Roypur'),(25103,22781,1,'Shanerhat'),(25104,22782,1,'Tukuria'),(25105,22783,1,'Chandanpat'),(25106,22784,1,'Darshana'),(25107,22785,1,'Haridebpur'),(25108,22786,1,'Mominpur'),(25109,22787,1,'Parswuram'),(25110,22788,1,'Rajendrapur'),(25111,22789,1,'Sadyapushkarini'),(25112,22790,1,'Satgara'),(25113,22791,1,'Tampat'),(25114,22792,1,'Tapodhon'),(25115,22793,1,'Uttam'),(25116,22794,1,'Alampur'),(25117,22795,1,'Hariarkuthi'),(25118,22796,1,'Ikarchali'),(25119,22797,1,'Kursha'),(25120,22798,1,'Sayar'),(25121,22799,1,'Basail'),(25122,22800,1,'Fulki'),(25123,22801,1,'Habla'),(25124,22802,1,'Kanchanpur'),(25125,22803,1,'Kashil'),(25126,22804,1,'Kauljani'),(25127,22805,1,'Aloa'),(25128,22806,1,'Arjuna'),(25129,22807,1,'Falda'),(25130,22808,1,'Gaksara'),(25131,22809,1,'Gobindabasi'),(25132,22810,1,'Nikrail'),(25133,22811,1,'Atia'),(25134,22812,1,'Delduar'),(25135,22813,1,'Deoli'),(25136,22814,1,'Dubail'),(25137,22815,1,'Elasin'),(25138,22816,1,'Fazilhati'),(25139,22817,1,'Lauhati'),(25140,22818,1,'Pathrail'),(25141,22819,1,'Birtara'),(25142,22820,1,'Dhanbari'),(25143,22821,1,'Dhopakhali'),(25144,22822,1,'Musuddi'),(25145,22823,1,'Paiska'),(25146,22824,1,'Anehola'),(25147,22825,1,'Deopara'),(25148,22826,1,'Deulabar'),(25149,22827,1,'Dhala Para'),(25150,22828,1,'Digalkandi'),(25151,22829,1,'Digar'),(25152,22830,1,'Ghatail'),(25153,22831,1,'Jamurai'),(25154,22832,1,'Luker Para'),(25155,22833,1,'Rasulpur'),(25156,22834,1,'Sandhanpur'),(25157,22835,1,'Alamnagar'),(25158,22836,1,'Dhopakandi'),(25159,22837,1,'Hadia'),(25160,22838,1,'Hemnagar'),(25161,22839,1,'Jhaoail'),(25162,22840,1,'Mirzapur'),(25163,22841,1,'Nagla Simla'),(25164,22842,1,'Balla'),(25165,22843,1,'Bangra'),(25166,22844,1,'Bir Basinda'),(25167,22845,1,'Durgapur'),(25168,22846,1,'Elenga'),(25169,22847,1,'Kok Dahara'),(25170,22848,1,'Nagbari'),(25171,22849,1,'Narandia'),(25172,22850,1,'Paikara'),(25173,22851,1,'Sahadebpur'),(25174,22852,1,'Salla'),(25175,22853,1,'Alokdia'),(25176,22854,1,'Arankhola'),(25177,22855,1,'Ausnara'),(25178,22856,1,'Birtana'),(25179,22857,1,'Dhanbari'),(25180,22858,1,'Dhopakhali'),(25181,22859,1,'Golabari'),(25182,22860,1,'Mirzabari'),(25183,22861,1,'Musuddi'),(25184,22862,1,'Paiska'),(25185,22863,1,'Sholakuri'),(25186,22864,1,'Ajgana'),(25187,22865,1,'Anautara'),(25188,22866,1,'Bahuria'),(25189,22867,1,'Banail'),(25190,22868,1,'Banshtail'),(25191,22869,1,'Bhatgram'),(25192,22870,1,'Fatehpur'),(25193,22871,1,'Gorai'),(25194,22872,1,'Jamurki'),(25195,22873,1,'Mahera'),(25196,22874,1,'Tarafpur'),(25197,22875,1,'Uarsi'),(25198,22876,1,'Bekrhi Atgram'),(25199,22877,1,'Bhadra'),(25200,22878,1,'Bharara'),(25201,22879,1,'Dhubaria'),(25202,22880,1,'Doptiair'),(25203,22881,1,'Gayhata'),(25204,22882,1,'Mamudnagar'),(25205,22883,1,'Mokna'),(25206,22884,1,'Nagarpur'),(25207,22885,1,'Pakutia'),(25208,22886,1,'Sahabatpur'),(25209,22887,1,'Salimabad'),(25210,22888,1,'Baheratail'),(25211,22889,1,'Gazaria'),(25212,22890,1,'Hatibandha'),(25213,22891,1,'Jadabpur'),(25214,22892,1,'Kakrajan'),(25215,22893,1,'Kalia'),(25216,22894,1,'Baghil'),(25217,22895,1,'Danya'),(25218,22896,1,'Gala'),(25219,22897,1,'Gharinda'),(25220,22898,1,'Hugra'),(25221,22899,1,'Kakua'),(25222,22900,1,'Karatia'),(25223,22901,1,'Katuli'),(25224,22902,1,'Mahera'),(25225,22903,1,'Mahmood Nagar'),(25226,22904,1,'Porabari'),(25227,22905,1,'Silimpur'),(25228,22906,1,'Angaria'),(25229,22907,1,'Lebukhali'),(25230,22908,1,'Muradia'),(25231,22909,1,'Pangashia'),(25232,22910,1,'Rabi'),(25233,22911,1,'Kharif 1'),(25234,22912,1,'Higher lying area without flooding or sediment accumulation during the monsoon'),(25235,22913,1,'Lower lying area where water from heavy rainfall accumulates for less than 1 month during the monsoon'),(25236,22914,1,'Lower lying area that remains under water continuously for more than 1 month during the monsoon'),(25237,22915,1,'Charlands'),(25238,22916,1,'Higher lying area without flooding or sediment accumulation during the monsoon'),(25239,22917,1,'Lower lying area where water from heavy rainfall accumulates for less than 1 month during the monsoon'),(25240,22918,1,'October (Mid Aushin - Mid Kartik)'),(25241,22919,1,'November (Mid Kartik - Mid Agrahayon)'),(25242,22920,1,'December (Mid Agrahayon - Mid Poush)'),(25243,22921,1,'January (Mid Poush - Mid Magh)'),(25244,22922,1,'February (Mid Magh - Mid Falgun)'),(25245,22923,1,'March (Mid Falgun - Mid Chaitra)'),(25246,22924,1,'October 1-7 (Aushin 15-21)'),(25247,22925,1,'October 8-14 (Aushin 22-30)'),(25248,22926,1,'October 15-21 (Kartik 1-7)'),(25249,22927,1,'October 22-31 (Kartik 8-14)'),(25250,22928,1,'November 1-7 (Kartik 15-21)'),(25251,22929,1,'November 8-14 (Kartik 22-30)'),(25252,22930,1,'November 15-21 (Agrahayon 1-7)'),(25253,22931,1,'November 22-30 (Agrahayon 8-14)'),(25254,22932,1,'December 1-7 (Agrahayon 15-21)'),(25255,22933,1,'December 8-14 (Agrahayon 22-31)'),(25256,22934,1,'December 15-21 (Poush 1-7)'),(25257,22935,1,'December 22-31 (Poush 8-14)'),(25258,22936,1,'January 1-7 (Poush 15-21)'),(25259,22937,1,'January 8-14 (Poush 22-31)'),(25260,22938,1,'January 15-21 (Magh 1-7)'),(25261,22939,1,'January 22-31 (Magh 8-14)'),(25262,22940,1,'February 1-7 (Magh 15-21)'),(25263,22941,1,'February 8-14 (Magh 22-28)'),(25264,22942,1,'February 15-21 (Falgun 1-7)'),(25265,22943,1,'February 22-28 (Falgun 8-14)'),(25266,22944,1,'March 1-7 (Falgun 15-21)'),(25267,22945,1,'March 8-14 (Falgun 22-30)'),(25268,22946,1,'March 15-21 (Chaitra 1-7)'),(25269,22947,1,'March 22-31 (Chaitra 8-14)'),(25272,22950,1,'Early aman'),(25273,22951,1,'Late aman'),(25274,22952,1,'Fallow, no crop'),(25275,22953,1,'Others'),(25280,22954,1,'Potato'),(25281,22955,1,'Vegetable'),(25282,22956,1,'Mustard'),(25283,22957,1,'Others'),(25284,22958,1,'Maize will be planted after potato is harvested.'),(25285,22959,1,'Maize will be planted before potato is harvested.'),(25286,22960,1,'Less than 4 inches'),(25287,22961,1,'4 to 10 inches'),(25288,22962,1,'More than 10 inches'),(25289,22963,1,'No anticipated yield loss due to water shortage'),(25290,22964,1,'With anticipated yield loss of 1 t/ha or more due to water shortage'),(25291,22965,1,'Sandy or loamy'),(25292,22966,1,'Clayey'),(25295,22967,1,'TSP (0-46-0)'),(25296,22968,1,'DAP (18-46-0)'),(25299,22969,1,'Highland'),(25300,22970,1,'Medium highland'),(25301,22971,1,'Medium lowland'),(25302,22972,1,'Lowland'),(25303,22973,1,'Lime'),(25304,22974,1,'Sulfur'),(25305,22975,1,'Zinc'),(25306,22976,1,'Boron'),(25309,22977,1,'Department of Agricultural Extension (DAE)'),(25310,22978,1,'Non-governmental organization (NGO)'),(25311,22979,1,'Seed supplier'),(25312,22980,1,'Supplier of inputs other than seeds'),(25313,22981,1,'Others'),(25316,22982,1,'< 30'),(25317,22983,1,'31-40'),(25318,22984,1,'41-50'),(25319,22985,1,'51-60'),(25320,22986,1,'> 60'),(25323,22989,1,'No formal school, no reading, and no signing skills'),(25324,22990,1,'No formal school, no reading but signing skills'),(25325,22991,1,'No formal school, reading and signing skills'),(25326,22992,1,'Primary'),(25327,22993,1,'Secondary'),(25328,22994,1,'University'),(25329,22995,1,'Farming'),(25330,22996,1,'Non farming, professional (for example: telcom)'),(25331,22997,1,'Non farming, laborer'),(25332,22998,1,'Share cropper'),(25333,22999,1,'Business'),(25336,23000,1,'Extension worker or agent'),(25337,23001,1,'Farmer'),(25338,23002,1,'Researcher'),(25339,23003,1,'Loan officer'),(25340,23004,1,'Fertilizer dealer'),(25341,23005,1,'Union Information and Service Centre (UISC) computer operator'),(25342,23006,1,'Private entrepreneur'),(25343,23007,1,'Others, please specify'),(25344,23008,1,'No, water supply from irrigation and rainfall is sufficient to avoid drought.'),(25345,23009,1,'Yes, drought can occur due to insufficient water supply.'),(25346,23010,1,'Retained in the field'),(25347,23011,1,'Removed from the field'),(25348,23012,1,'Very likely, 4 or 5 years out of 5 years'),(25349,23013,1,'Probable, 2 or 3 years out of 5 years'),(25350,23014,1,'Unlikely, 0 or 1 year out of 5 years'),(25351,23015,1,'90-100 days'),(25352,23016,1,'101-110 days'),(25353,23017,1,'111-120 days'),(25487,21339,1,'Amtali'),(25488,21340,1,'Arpangashia'),(25489,21341,1,'Atharagachhia'),(25490,21342,1,'Barabagi'),(25491,21343,1,'Chowra'),(25492,21344,1,'Gulisakhali'),(25493,21345,1,'Haldia'),(25494,21346,1,'Karaibaria'),(25495,21347,1,'Kukua'),(25496,21348,1,'Pancha Koralia'),(25506,21349,1,'Bamna'),(25507,21350,1,'Bukabunia'),(25508,21351,1,'Dauatala'),(25509,21352,1,'Ramna'),(25519,20860,1,'Bagerhat Sadar'),(25520,20861,1,'Chitalmari'),(25521,20862,1,'Fakirhat'),(25522,20863,1,'Kachua'),(25523,20864,1,'Mollahat'),(25524,20865,1,'Mongla'),(25525,20866,1,'Morrelganj'),(25526,20867,1,'Rampal'),(25527,20868,1,'Sarankhola'),(25528,23018,1,'Rice'),(25529,23019,1,'Maize'),(25530,23020,1,'Wheat'),(25531,23021,1,'Irrigated'),(25532,23022,1,'Rainfed'),(25533,23023,1,'Manual Transplanting'),(25534,23024,1,'Mechanical Transplanting'),(25535,23025,1,'Wet Seeding'),(25536,23026,1,'Dry Seeding'),(25549,23027,1,'January'),(25550,23028,1,'February'),(25551,23029,1,'March'),(25552,23030,1,'April'),(25553,23031,1,'May'),(25554,23032,1,'June'),(25555,23033,1,'July'),(25556,23034,1,'August'),(25557,23035,1,'September'),(25558,23036,1,'October'),(25559,23037,1,'November'),(25560,23038,1,'December'),(25568,23039,1,'81-90 days'),(25569,23040,1,'91-100 days'),(25570,23041,1,'101-110 days'),(25571,23042,1,'111-120 days'),(25572,23043,1,'121-130 days'),(25573,23044,1,'131-140 days'),(25574,23045,1,'141-150 days'),(25575,23046,1,'11-20 days'),(25576,23047,1,'21-30 days'),(25577,23048,1,'31-40 days'),(25578,23049,1,'41-50 days'),(25591,23062,1,'One'),(25592,23063,1,'Two'),(25593,23064,1,'Maha'),(25594,23065,1,'Yala'),(25595,23066,1,'Rice'),(25596,23067,1,'Cowpea or Legumes'),(25597,23068,1,'Vegetables'),(25598,23069,1,'Other'),(25599,23070,1,'Irrigated'),(25600,23071,1,'Rainfed'),(25601,23072,1,'Broadcast seed by hand'),(25602,23073,1,'Use drum seeder (line sowing)'),(25610,23074,1,'Wet seeding'),(25611,23075,1,'Dry seeding'),(25612,23076,1,'Mechanical transplanting'),(25613,23077,1,'Broadcast seed by hand'),(25614,23078,1,'Use drum seeder (line sowing)'),(25615,23079,1,'Broadcast seed by hand'),(25616,23080,1,'Use drill seeder'),(25617,23081,1,'2.5 months'),(25618,23082,1,'3 months'),(25619,23083,1,'3.5 months'),(25620,23084,1,'4 months'),(25621,23085,1,'4.5 months'),(25622,23086,1,'Adequate water supply during rice growth; no yield loss from drought'),(25623,23087,1,'Shortage of water during rice growth resulted in yield loss'),(25624,23088,1,'Manual'),(25625,23089,1,'Combine'),(25626,23090,1,'Pre-emergence herbicide'),(25627,23091,1,'Post-emergence herbicide'),(25628,23092,1,'Hand weeding'),(25636,23096,1,'Yes'),(25637,23097,1,'No, a recommendation will not be given to a farmer'),(25648,23104,1,'Rainfed'),(25649,23105,1,'Partially irrigated'),(25650,23106,1,'Fully irrigated'),(25651,23107,1,'Hybrid'),(25652,23108,1,'Open-pollinated variety'),(25653,23109,1,'3 t/ha'),(25654,23110,1,'4 t/ha'),(25655,23111,1,'5 t/ha'),(25656,23112,1,'6 t/ha'),(25657,23113,1,'7 t/ha'),(25658,23114,1,'8 t/ha'),(25659,23115,1,'9 t/ha'),(25669,23125,1,'3 t/ha'),(25670,23126,1,'4 t/ha'),(25671,23127,1,'5 t/ha'),(25672,23128,1,'6 t/ha'),(25673,23129,1,'7 t/ha'),(25674,23130,1,'3 t/ha'),(25675,23131,1,'4 t/ha'),(25676,23132,1,'5 t/ha'),(25677,23133,1,'6 t/ha'),(25678,23134,1,'7 t/ha'),(25679,23135,1,'8 t/ha'),(25689,23140,1,'Rainfed, no irrigation'),(25690,23141,1,'Partial irrigation'),(25691,23142,1,'Full irrigation'),(25692,23143,1,'1 time'),(25693,23144,1,'2 times'),(25694,23145,1,'3 or more times'),(25695,23146,1,'2 t/ha'),(25696,23147,1,'3 t/ha'),(25697,23148,1,'4 t/ha'),(25698,23149,1,'5 t/ha'),(25705,23136,1,'1 time'),(25706,23137,1,'2 times'),(25707,23138,1,'3 times'),(25708,23139,1,'4 times'),(25709,23057,1,'Rice'),(25710,23058,1,'Maize'),(25711,23059,1,'Wheat'),(25712,23060,1,'Legume'),(25713,23061,1,'Other'),(25714,23050,1,'3 t/ha'),(25715,23051,1,'4 t/ha'),(25716,23052,1,'5 t/ha'),(25717,23053,1,'6 t/ha'),(25718,23054,1,'7 t/ha'),(25719,23055,1,'8 t/ha'),(25720,23056,1,'9 t/ha'),(25721,23116,1,'3 t/ha'),(25722,23117,1,'4 t/ha'),(25723,23118,1,'5 t/ha'),(25724,23119,1,'6 t/ha'),(25725,23120,1,'7 t/ha'),(25726,23121,1,'8 t/ha'),(25727,23122,1,'9 t/ha'),(25728,23123,1,'10 t/ha'),(25729,23124,1,'11 t/ha'),(25730,23150,1,'2 t/ha'),(25731,23151,1,'3 t/ha'),(25732,23152,1,'4 t/ha'),(25733,23153,1,'5 t/ha'),(25734,23154,1,'6 t/ha'),(25735,23155,1,'7 t/ha'),(25742,23156,1,'0.5 t/ha'),(25743,23157,1,'1 t/ha'),(25744,23158,1,'1.5 t/ha'),(25745,23159,1,'2 t/ha'),(25746,23160,1,'2.5 t/ha'),(25747,23161,1,'3 t/ha'),(25748,23162,1,'Hectare'),(25749,23163,1,'Acre'),(25750,23164,1,'Kilogram'),(25751,23165,1,'Bushel'),(25752,23166,1,'Kilogram'),(25753,23167,1,'Bushel'),(25754,23168,1,'Bag'),(25758,22948,1,'Yes'),(25759,22949,1,'No'),(25763,23093,1,'Rice crop before the [[<SeasonRecommendationAnswer>]] season'),(25764,23094,1,'One year ago'),(25765,23095,1,'More than one year ago'),(25768,22987,1,'Male'),(25769,22988,1,'Female'),(25770,23098,1,'Extension worker or agent'),(25771,23099,1,'Farmer'),(25772,23100,1,'Researcher'),(25773,23101,1,'Loan Officer'),(25774,23102,1,'Fertilizer dealer'),(25775,23103,1,'Others'),(25776,23169,1,'Manual harvest'),(25777,23170,1,'Combine harvest'),(25778,23171,1,'All retained in the field'),(25779,23172,1,'50% retained in the field'),(25780,23173,1,'All removed from the field'),(25781,23174,1,'Retained in the field and not burnt'),(25782,23175,1,'Retained in the field and burnt'),(25783,23176,1,'Removed from the field'),(25784,23177,1,'less than 20 cm'),(25785,23178,1,'20 to 40 cm'),(25786,23179,1,'40 to 60 cm'),(25787,23180,1,'Retained in a pile after threshing and not returned to the field'),(25788,23181,1,'Retained in a pile after threshing and burnt'),(25789,23182,1,'Returned to the field and spread across the field'),(25790,23183,1,'DAP (18-46-0)'),(25791,23184,1,'SSP (0-16-0)'),(25792,23185,1,'TSP (0-46-0)'),(25793,23186,1,'NPK'),(25794,23187,1,'Bangladesh'),(25795,23188,1,'Cambodia'),(25796,23189,1,'India'),(25797,23190,1,'Indonesia'),(25798,23191,1,'Lao PDR'),(25799,23192,1,'Malaysia'),(25800,23193,1,'Myanmar'),(25801,23194,1,'Nepal'),(25802,23195,1,'Pakistan'),(25803,23196,1,'Philippines'),(25804,23197,1,'Sri Lanka'),(25805,23198,1,'Thailand'),(25806,23199,1,'Vietnam'),(25807,23200,1,'Other'),(25808,23201,1,'Andhra Pradesh'),(25809,23202,1,'Arunachal Pradesh'),(25810,23203,1,'Assam'),(25811,23204,1,'Bihar'),(25812,23205,1,'Chhattisgarh'),(25813,23206,1,'Gujarat'),(25814,23207,1,'Haryana'),(25815,23208,1,'Himachal Pradesh'),(25816,23209,1,'Jammu and Kashmir'),(25817,23210,1,'Jharkhand'),(25818,23211,1,'Karnataka'),(25819,23212,1,'Kerala'),(25820,23213,1,'Madhya Pradesh'),(25821,23214,1,'Maharashtra'),(25822,23215,1,'Manipur'),(25823,23216,1,'Meghalaya'),(25824,23217,1,'Mizoram'),(25825,23218,1,'Nagaland'),(25826,23219,1,'Odisha'),(25827,23220,1,'Punjab'),(25828,23221,1,'Rajasthan'),(25829,23222,1,'Tamil Nadu'),(25830,23223,1,'Telangana'),(25831,23224,1,'Tripura'),(25832,23225,1,'Uttar Pradesh'),(25833,23226,1,'Uttarakhand'),(25834,23227,1,'West Bengal'),(25835,23228,1,'Other'),(25838,23229,1,'Temp');
/*!40000 ALTER TABLE `options_item_translations` ENABLE KEYS */;
UNLOCK TABLES;

--
-- Table structure for table `options_languages`
--

DROP TABLE IF EXISTS `options_languages`;
/*!40101 SET @saved_cs_client     = @@character_set_client */;
/*!40101 SET character_set_client = utf8 */;
CREATE TABLE `options_languages` (
  `id` int(11) NOT NULL AUTO_INCREMENT,
  `options_id` int(11) NOT NULL,
  `languages_id` int(11) NOT NULL,
  PRIMARY KEY (`id`),
  UNIQUE KEY `UNIQUE` (`options_id`,`languages_id`),
  KEY `fk_options_languages_1_idx` (`options_id`),
  KEY `fk_options_languages_2_idx` (`languages_id`),
  CONSTRAINT `fk_options_languages_1` FOREIGN KEY (`options_id`) REFERENCES `options` (`id`) ON DELETE CASCADE ON UPDATE NO ACTION,
  CONSTRAINT `fk_options_languages_2` FOREIGN KEY (`languages_id`) REFERENCES `languages` (`id`) ON DELETE CASCADE ON UPDATE NO ACTION
) ENGINE=InnoDB AUTO_INCREMENT=2856 DEFAULT CHARSET=latin1;
/*!40101 SET character_set_client = @saved_cs_client */;

--
-- Dumping data for table `options_languages`
--

LOCK TABLES `options_languages` WRITE;
/*!40000 ALTER TABLE `options_languages` DISABLE KEYS */;
INSERT INTO `options_languages` VALUES (2429,1,1),(2783,2,1),(2496,3,1),(2497,4,1),(2498,5,1),(2499,6,1),(2500,7,1),(2501,8,1),(2502,9,1),(2503,10,1),(2504,11,1),(2505,12,1),(2506,13,1),(2507,14,1),(2508,15,1),(2509,16,1),(2510,17,1),(2511,18,1),(2512,19,1),(2513,20,1),(2514,21,1),(2515,22,1),(2516,23,1),(2517,24,1),(2518,25,1),(2519,26,1),(2520,27,1),(2521,28,1),(2522,29,1),(2523,30,1),(2524,31,1),(2525,32,1),(2526,33,1),(2527,34,1),(2528,35,1),(2529,36,1),(2530,37,1),(2531,38,1),(2532,39,1),(2533,40,1),(2534,41,1),(2535,42,1),(2536,43,1),(2537,44,1),(2538,45,1),(2539,46,1),(2540,47,1),(2541,48,1),(2542,49,1),(2543,50,1),(2544,51,1),(2545,52,1),(2546,53,1),(2547,54,1),(2548,55,1),(2549,56,1),(2550,57,1),(2551,58,1),(2552,59,1),(2553,60,1),(2554,61,1),(2555,62,1),(2556,63,1),(2557,64,1),(2558,65,1),(2779,66,1),(2781,67,1),(2561,68,1),(2562,69,1),(2563,70,1),(2564,71,1),(2565,72,1),(2566,73,1),(2567,74,1),(2568,75,1),(2569,76,1),(2570,77,1),(2571,78,1),(2572,79,1),(2573,80,1),(2574,81,1),(2575,82,1),(2576,83,1),(2577,84,1),(2578,85,1),(2579,86,1),(2580,87,1),(2581,88,1),(2582,89,1),(2583,90,1),(2584,91,1),(2585,92,1),(2586,93,1),(2587,94,1),(2588,95,1),(2589,96,1),(2590,97,1),(2591,98,1),(2592,99,1),(2593,100,1),(2594,101,1),(2595,102,1),(2596,103,1),(2597,104,1),(2598,105,1),(2599,106,1),(2600,107,1),(2601,108,1),(2602,109,1),(2603,110,1),(2604,111,1),(2605,112,1),(2606,113,1),(2607,114,1),(2608,115,1),(2609,116,1),(2610,117,1),(2611,118,1),(2612,119,1),(2613,120,1),(2614,121,1),(2615,122,1),(2616,123,1),(2617,124,1),(2618,125,1),(2619,126,1),(2620,127,1),(2621,128,1),(2622,129,1),(2623,130,1),(2624,131,1),(2625,132,1),(2626,133,1),(2627,134,1),(2628,135,1),(2629,136,1),(2630,137,1),(2631,138,1),(2632,139,1),(2633,140,1),(2634,141,1),(2635,142,1),(2636,143,1),(2637,144,1),(2638,145,1),(2639,146,1),(2640,147,1),(2641,148,1),(2642,149,1),(2643,150,1),(2644,151,1),(2645,152,1),(2646,153,1),(2647,154,1),(2648,155,1),(2649,156,1),(2650,157,1),(2651,158,1),(2652,159,1),(2653,160,1),(2654,161,1),(2655,162,1),(2656,163,1),(2657,164,1),(2658,165,1),(2659,166,1),(2660,167,1),(2661,168,1),(2662,169,1),(2663,170,1),(2664,171,1),(2665,172,1),(2666,173,1),(2667,174,1),(2668,175,1),(2669,176,1),(2670,177,1),(2671,178,1),(2672,179,1),(2673,180,1),(2674,181,1),(2675,182,1),(2676,183,1),(2677,184,1),(2678,185,1),(2679,186,1),(2680,187,1),(2681,188,1),(2682,189,1),(2683,190,1),(2684,191,1),(2685,192,1),(2686,193,1),(2687,194,1),(2688,195,1),(2689,196,1),(2690,197,1),(2691,198,1),(2692,199,1),(2693,200,1),(2694,201,1),(2695,202,1),(2696,203,1),(2697,204,1),(2698,205,1),(2699,206,1),(2700,207,1),(2701,208,1),(2702,209,1),(2703,210,1),(2704,211,1),(2705,212,1),(2706,213,1),(2707,214,1),(2708,215,1),(2709,216,1),(2710,217,1),(2711,218,1),(2712,219,1),(2713,220,1),(2714,221,1),(2715,222,1),(2716,223,1),(2717,224,1),(2718,225,1),(2719,226,1),(2720,227,1),(2721,228,1),(2722,229,1),(2723,230,1),(2724,231,1),(2725,232,1),(2726,233,1),(2727,234,1),(2728,234,3),(2729,235,1),(2730,236,1),(2731,237,1),(2732,238,1),(2733,239,1),(2734,240,1),(2735,241,1),(2736,242,1),(2737,243,1),(2738,244,1),(2839,245,1),(2740,246,1),(2742,247,1),(2743,248,1),(2744,249,1),(2745,250,1),(2746,251,1),(2748,252,1),(2750,253,1),(2751,254,1),(2753,255,1),(2755,256,1),(2843,257,1),(2757,258,1),(2758,259,1),(2760,260,1),(2761,261,1),(2762,262,1),(2763,263,1),(2764,264,1),(2784,265,1),(2785,266,1),(2786,267,1),(2788,268,1),(2790,269,1),(2791,270,1),(2830,271,1),(2829,272,1),(2794,273,1),(2795,274,1),(2796,275,1),(2797,276,1),(2798,277,1),(2802,289,1),(2803,290,1),(2804,291,1),(2805,310,1),(2806,311,1),(2807,312,1),(2808,313,1),(2841,314,1),(2812,315,1),(2844,317,1),(2816,318,1),(2817,319,1),(2818,320,1),(2831,321,1),(2820,322,1),(2821,323,1),(2828,324,1),(2824,325,1),(2825,326,1),(2826,327,1),(2832,328,1),(2834,329,1),(2835,330,1),(2836,331,1),(2837,332,1),(2845,333,1),(2846,334,1),(2847,335,1),(2848,336,1),(2849,337,1),(2850,338,1),(2851,339,1),(2852,340,1),(2855,341,1);
/*!40000 ALTER TABLE `options_languages` ENABLE KEYS */;
UNLOCK TABLES;

--
-- Table structure for table `questionnaire`
--

DROP TABLE IF EXISTS `questionnaire`;
/*!40101 SET @saved_cs_client     = @@character_set_client */;
/*!40101 SET character_set_client = utf8 */;
CREATE TABLE `questionnaire` (
  `id` int(11) NOT NULL AUTO_INCREMENT,
  `name` varchar(250) NOT NULL,
  `description` varchar(250) NOT NULL,
  `enabled` tinyint(4) NOT NULL DEFAULT '1',
  PRIMARY KEY (`id`),
  UNIQUE KEY `questionnaire` (`name`)
) ENGINE=InnoDB AUTO_INCREMENT=7 DEFAULT CHARSET=latin1;
/*!40101 SET character_set_client = @saved_cs_client */;

--
-- Dumping data for table `questionnaire`
--

LOCK TABLES `questionnaire` WRITE;
/*!40000 ALTER TABLE `questionnaire` DISABLE KEYS */;
INSERT INTO `questionnaire` VALUES (2,'MCM BD Beta','Questionnaire for MCM BD Beta',1),(5,'Nutrient Manager for Rice, Maize, and Wheat','Nutrient Manager for Rice, Maize, and Wheat',1),(6,'Rice Crop Manager Sri Lanka Beta Version','Rice Crop Manager Sri Lanka Beta Version',1);
/*!40000 ALTER TABLE `questionnaire` ENABLE KEYS */;
UNLOCK TABLES;

--
-- Table structure for table `questionnaire_item`
--

DROP TABLE IF EXISTS `questionnaire_item`;
/*!40101 SET @saved_cs_client     = @@character_set_client */;
/*!40101 SET character_set_client = utf8 */;
CREATE TABLE `questionnaire_item` (
  `id` int(11) NOT NULL AUTO_INCREMENT,
  `questionnaire_id` int(11) NOT NULL,
  `div_name` varchar(250) NOT NULL,
  `question_id` varchar(250) DEFAULT NULL,
  `optional` tinyint(4) NOT NULL DEFAULT '0',
  `order` int(11) NOT NULL DEFAULT '100',
  `enabled` tinyint(4) NOT NULL DEFAULT '1',
  PRIMARY KEY (`id`),
  UNIQUE KEY `index2` (`questionnaire_id`,`div_name`),
  KEY `index3` (`questionnaire_id`),
  KEY `index4` (`enabled`),
  CONSTRAINT `fk_questionnaire_question_1` FOREIGN KEY (`questionnaire_id`) REFERENCES `questionnaire` (`id`) ON DELETE CASCADE ON UPDATE NO ACTION
) ENGINE=InnoDB AUTO_INCREMENT=4437 DEFAULT CHARSET=latin1;
/*!40101 SET character_set_client = @saved_cs_client */;

--
-- Dumping data for table `questionnaire_item`
--

LOCK TABLES `questionnaire_item` WRITE;
/*!40000 ALTER TABLE `questionnaire_item` DISABLE KEYS */;
INSERT INTO `questionnaire_item` VALUES (4187,6,'FieldRecommendation','FieldRecommendation',0,0,1),(4188,6,'FieldIdentification','FieldIdentification',0,1,1),(4189,6,'MajorCrop','MajorCrop',0,10,1),(4190,6,'DescribeSeason','DescribeSeason',0,11,1),(4191,6,'EstablishedRice','EstablishedRice',0,12,1),(4192,6,'EstablishRiceWetSeed','EstablishRiceWetSeed',0,13,1),(4193,6,'EstablishRiceDrySeed','EstablishRiceDrySeed',0,14,1),(4194,6,'RiceSown','RiceSown',0,15,1),(4195,6,'RiceSownSeed','RiceSownSeed',0,16,1),(4196,6,'VarietyGrow','VarietyGrow',0,17,1),(4197,6,'VarietyDuration','VarietyDuration',0,18,1),(4198,6,'SeedRate','SeedRate',0,19,1),(4199,6,'WhereField','WhereField',0,2,1),(4200,6,'SeedRateKilogramQ','',0,20,1),(4201,6,'SeedRateBushel','',0,21,1),(4202,6,'UnmilledRice','UnmilledRice',0,22,1),(4203,6,'UnmilledKilogram','',0,23,1),(4204,6,'UnmilledBushel','',0,24,1),(4205,6,'UnmilledBag','',0,25,1),(4206,6,'DescribeRecentField','DescribeRecentField',0,26,1),(4207,6,'AccessToPumpDiv','AccessToPumpQID',0,27,1),(4208,6,'HarvestPrevious','HarvestPrevious',0,28,1),(4209,6,'ControlWeeds','ControlWeeds',0,29,1),(4210,6,'DivisionName','',0,3,1),(4211,6,'Salinity','Salinity',0,30,1),(4212,6,'IronToxicity','IronToxicity',0,31,1),(4213,6,'ZincSulfate','ZincSulfate',0,32,1),(4214,6,'RiceCropManager','RiceCropManager',0,33,1),(4215,6,'FarmerInformation','FarmerInformation',0,34,1),(4216,6,'SurnameFarmer','',0,35,1),(4217,6,'GenderFarmer','',0,36,1),(4218,6,'MobileFarmer','',1,37,1),(4219,6,'EmailFarmer','',1,38,1),(4220,6,'WaterTankFarmer','',0,39,1),(4221,6,'VillageName','',0,4,1),(4222,6,'InformationOperator','InformationOperator',0,40,1),(4223,6,'SurnameOperator','',0,41,1),(4224,6,'GenderOperator','',0,42,1),(4225,6,'ProfessionOperator','',0,43,1),(4226,6,'ProfessionOperatorOt','',0,44,1),(4227,6,'MobileOperator','',1,45,1),(4228,6,'EmailOperator','',1,46,1),(4229,6,'FieldSizeGrown','FieldSizeGrownQuestion',0,5,1),(4230,6,'HectareSizeDiv','',0,6,1),(4231,6,'AcreSizeDiv','',0,7,1),(4232,6,'CropsThisYear','CropsThisYear',0,8,1),(4233,6,'SeasonRecommendation','SeasonRecommendation',0,9,1),(4338,5,'CropQuestion','CropQuestion',0,0,1),(4339,5,'RiceGrowingCondition','RiceGrowingCondition',0,1,1),(4340,5,'MaizeGrowingCond','MaizeGrowingCond',0,10,1),(4341,5,'MaizeVariety','MaizeVariety',0,11,1),(4342,5,'SpacingMaizePlants','SpacingMaizePlants',0,12,1),(4343,5,'ExpectedGrainDry','ExpectedGrainDry',0,13,1),(4344,5,'GrainYieldHybridPart','GrainYieldHybridPart',0,14,1),(4345,5,'OpenPollinatedVariet','OpenPollinatedVariet',0,15,1),(4346,5,'OpenPollinatedPartia','OpenPollinatedPartia',0,16,1),(4347,5,'FertilizerApplied','FertilizerApplied',0,17,1),(4348,5,'SizeMaize','SizeMaize',0,18,1),(4349,5,'WheatGrowing','WheatGrowing',0,19,1),(4350,5,'RiceCropEstablished','RiceCropEstablished',0,2,1),(4351,5,'WheatEstablishment','WheatEstablishment',0,20,1),(4352,5,'RainfedYield','RainfedYield',0,21,1),(4353,5,'YieldWeightBasis','YieldWeightBasis',0,22,1),(4354,5,'FertilizerAppliedTim','FertilizerAppliedTime',0,23,1),(4355,5,'SizeWheatField','SizeWheatField',0,24,1),(4356,5,'GrownBeforeCrop','GrownBeforeCrop',0,25,1),(4357,5,'RiceDryWeightBasis','RiceDryWeightBasis',0,26,1),(4358,5,'MaizeDryWeightBasis','MaizeDryWeightBasis',0,27,1),(4359,5,'WheatDryBasis','WheatDryBasis',0,28,1),(4360,5,'LegumeDryBasis','LegumeDryBasis',0,29,1),(4361,5,'SownSeedBed','SownSeedBed',0,3,1),(4362,5,'RiceHarvestBefore','RiceHarvestBeforeQuestion',0,30,1),(4363,5,'ResiduePrevious','ResiduePreviousQuestion',0,31,1),(4364,5,'StrawPreviousCrop','StrawPreviousCropQuestion',0,32,1),(4365,5,'HeightStemLeft','HeightStemLeftQuestion',0,33,1),(4366,5,'StrawManaged','StrawManagedQuestion',0,34,1),(4367,5,'Phosphorus','PhosphorusQuestion',0,35,1),(4368,5,'NPKFertilizer','NPKFertilizerQuestion',0,36,1),(4369,5,'P2O5Content','P2O5ContentQuestion',0,37,1),(4370,5,'K2OContent','K2OContentQuestion',0,38,1),(4371,5,'CountrySelect','CountrySelectQuestion',0,39,1),(4372,5,'SownField','SownField',0,4,1),(4373,5,'IndiaState','IndiaStateQuestion',0,40,1),(4374,5,'CropManagerCountry','',1,41,1),(4375,5,'CropManagerIndia','',0,42,1),(4376,5,'SownSeedHarvest','SownSeedHarvest',0,5,1),(4377,5,'SownFieldHarvest','SownFieldHarvest',0,6,1),(4378,5,'ApproximateSeedAge','ApproximateSeedAge',0,7,1),(4379,5,'DryWeightBasis','DryWeightBasis',0,8,1),(4380,5,'RiceFieldGrown','RiceFieldGrown',0,9,1),(4381,2,'plotInfo','plotQ',0,0,1),(4382,2,'upaInfo','',0,1,1),(4383,2,'weekInfo','',0,10,1),(4384,2,'growInfo','grownQuest',0,11,1),(4385,2,'spaceBetInfo','spaceBetQuest',0,12,1),(4386,2,'spaceRowInfo','spaceRowQuest',0,13,1),(4387,2,'harvestInfo','harvestQuest',0,14,1),(4388,2,'prevCropInfo','prevCropQuest',0,15,1),(4389,2,'prevOthInfo','',0,16,1),(4390,2,'descInfo','',0,17,1),(4391,2,'orgDAPInfo','orgDAPQuest',0,18,1),(4392,2,'orgOthNPKInfo','orgOthNPKQuest',0,19,1),(4393,2,'noUnionInfo','',0,2,1),(4394,2,'htInfo','htQuest',0,20,1),(4395,2,'waterInfo','waterQuest',0,21,1),(4396,2,'soilInfo','soilQuest',0,22,1),(4397,2,'orgInfo','orgQuest',0,23,1),(4398,2,'cowInfo','cowOrgQuest',0,24,1),(4399,2,'pFertInfo','pFertQuest',0,25,1),(4400,2,'intInfo','intQuest',0,26,1),(4401,2,'landPosInfo','landPosQuest',0,27,1),(4402,2,'recMinInfo','lrecMinQuest',0,28,1),(4403,2,'varInfo','varQuest',0,29,1),(4404,2,'unionInfo','',0,3,1),(4405,2,'unmillInfo','unmillQuest',0,30,1),(4406,2,'recInfo','recQuest',0,31,1),(4407,2,'piInfo','piQuest',0,32,1),(4408,2,'piOthInfo','',0,33,1),(4409,2,'valInfo','valQuest',0,34,1),(4410,2,'farmGNInfo','',0,35,1),(4411,2,'farmFNInfo','',0,36,1),(4412,2,'farmNIDInfo','',0,37,1),(4413,2,'farmAgeInfo','',0,38,1),(4414,2,'farmGenInfo','',0,39,1),(4415,2,'villInfo','',0,4,1),(4416,2,'farmMPNInfo','',0,40,1),(4417,2,'farmEmailInfo','',0,41,1),(4418,2,'farmPIDInfo','',0,42,1),(4419,2,'farmEdInfo','',0,43,1),(4420,2,'farmOccInfo','',0,44,1),(4421,2,'extGNInfo','extGNQuest',0,45,1),(4422,2,'extFNInfo','',0,46,1),(4423,2,'extResInfo','extResQuest',0,47,1),(4424,2,'extProfInfo','extProfQuest',0,48,1),(4425,2,'extMPNInfo','',0,49,1),(4426,2,'fieldInfo','fieldQuest',0,5,1),(4427,2,'extEmailInfo','',0,50,1),(4428,2,'tuberInfo','tuberQuest',0,51,1),(4429,2,'supplyInfo','supplyQuest',0,52,1),(4430,2,'manageInfo','manageQuest',0,53,1),(4431,2,'loggingInfo','loggingQuest',0,54,1),(4432,2,'gdInfo','gdQuest',0,55,1),(4433,2,'sizeInfo','sizeQuest',0,6,1),(4434,2,'seasonInfo','seasonQuest',0,7,1),(4435,2,'plotPosInfo','plotPosQuest',0,8,1),(4436,2,'monthInfo','monthQuest',0,9,1);
/*!40000 ALTER TABLE `questionnaire_item` ENABLE KEYS */;
UNLOCK TABLES;

--
-- Table structure for table `questionnaire_item_answer`
--

DROP TABLE IF EXISTS `questionnaire_item_answer`;
/*!40101 SET @saved_cs_client     = @@character_set_client */;
/*!40101 SET character_set_client = utf8 */;
CREATE TABLE `questionnaire_item_answer` (
  `id` int(11) NOT NULL AUTO_INCREMENT,
  `questionnaire_item_id` int(11) NOT NULL,
  `name` varchar(250) NOT NULL,
  `input_type_id` int(11) NOT NULL,
  `size` varchar(100) DEFAULT NULL,
  `position` varchar(45) DEFAULT NULL,
  `formula` text,
  `compute` int(11) DEFAULT NULL,
  `value` text,
  `label_id` varchar(250) DEFAULT NULL,
  `data_type_id` int(11) NOT NULL DEFAULT '2',
  `order` int(11) NOT NULL DEFAULT '100',
  `enabled` tinyint(4) NOT NULL DEFAULT '1',
  PRIMARY KEY (`id`),
  UNIQUE KEY `index2` (`questionnaire_item_id`,`name`),
  KEY `index3` (`questionnaire_item_id`),
  KEY `index4` (`input_type_id`),
  KEY `fk_questionnaire_item_answer_3_idx` (`data_type_id`),
  CONSTRAINT `fk_questionnaire_item_answer_1` FOREIGN KEY (`questionnaire_item_id`) REFERENCES `questionnaire_item` (`id`) ON DELETE CASCADE ON UPDATE NO ACTION
) ENGINE=InnoDB AUTO_INCREMENT=5526 DEFAULT CHARSET=latin1;
/*!40101 SET character_set_client = @saved_cs_client */;

--
-- Dumping data for table `questionnaire_item_answer`
--

LOCK TABLES `questionnaire_item_answer` WRITE;
/*!40000 ALTER TABLE `questionnaire_item_answer` DISABLE KEYS */;
INSERT INTO `questionnaire_item_answer` VALUES (5259,4187,'fRecommend',5,'','left','',NULL,'','',2,0,1),(5260,4188,'FieldIdentificationAnswer',7,'','left','',NULL,'','FieldIdIdent',1,0,1),(5261,4189,'MajorCropAnswer',6,'','left','',NULL,'275','',2,0,1),(5262,4190,'DescribeSeasonAnswer',6,'','left','',NULL,'276','',2,0,1),(5263,4191,'EstablishedRiceAnswer',6,'','left','',NULL,'289','',2,0,1),(5264,4192,'EstablishRiceWetSeedAnswer',6,'','left','',NULL,'290','',2,0,1),(5265,4193,'EstablishRiceDrySeedAnswer',6,'','left','',NULL,'291','',2,0,1),(5266,4194,'RiceSownDate',1,'','left','',NULL,'','DateSownId',1,0,1),(5267,4195,'RiceSownSeedDate',1,'','left','',NULL,'','RiceSownSeedDate',1,0,1),(5268,4196,'VarietyGrowAnswer',7,'','left','',NULL,'','VarietyId',1,0,1),(5269,4197,'VarietyDurationAnswer',6,'','left','',NULL,'310','',2,0,1),(5270,4198,'KgOrBushel',6,'','left','',NULL,'331','',2,0,1),(5271,4199,'DistrictAnswer',7,'','left','',NULL,'','DistrictID',1,0,1),(5272,4200,'SeedRateKilogram',5,'','left','',NULL,'','SeedRateId',2,0,1),(5273,4201,'SeedRateBushelAns',5,'','left','',NULL,'','SeedRateBushel',2,0,1),(5274,4202,'UnmilledRiceAns',6,'','left','',NULL,'332','',2,0,1),(5275,4203,'UnmilledKilogramAns',5,'','left','',NULL,'','UnmilledKilogramId',2,0,1),(5276,4204,'UnmilledBushelAns',5,'','left','',NULL,'','UnmilledBushelId',2,0,1),(5277,4205,'UnmilledBagAns',5,'','left','',NULL,'','UnmilledBagId',2,0,1),(5278,4206,'DescribeRecentFieldAnswer',6,'','left','',NULL,'311','',2,0,1),(5279,4207,'AccessToPumpAnswer',6,'','left','',NULL,'245','',2,0,1),(5280,4208,'HarvestPreviousAnswer',6,'','left','',NULL,'312','',2,0,1),(5281,4209,'ControlWeedsAnswer',2,'','left','',NULL,'313','',2,0,1),(5282,4210,'DivisionAnswer',7,'','left','',NULL,'','DivisionID',1,0,1),(5283,4211,'SalinityAnswer',6,'','left','',NULL,'245','',2,0,1),(5284,4212,'IronToxicityAnswer',6,'','left','',NULL,'245','',2,0,1),(5285,4213,'ZincSulfateAnswer',6,'','left','',NULL,'314','',2,0,1),(5286,4214,'RiceCropManagerAnswer',6,'','left','',NULL,'315','',2,0,1),(5287,4215,'GivenName',7,'','left','',NULL,'','GivenNameId',1,0,1),(5288,4216,'SurnameFarmerAnswer',7,'','left','',NULL,'','SurnameFarmerAnsId',1,0,1),(5289,4217,'GenderFarmerAns',6,'','left','',NULL,'257','GenderFarmerAnsID',1,0,1),(5290,4218,'MobileFarmerAnswer',7,'','left','',NULL,'','MobileFarmerAnsID',1,0,1),(5291,4219,'EmailFarmerAnswer',7,'','left','',NULL,'','EmailFarmerAnsId',1,0,1),(5292,4220,'WaterTankFarmerAnswer',7,'','left','',NULL,'','WaterTankFarmerAnsId',1,0,1),(5293,4221,'VillageAnswer',7,'','left','',NULL,'','VillageID',1,0,1),(5294,4222,'GivenNameOperator',7,'','left','',NULL,'','GivenNameOperatorId',1,0,1),(5295,4223,'SurnameOperatorAnswer',7,'','left','',NULL,'','SurnameOperatorAnsId',1,0,1),(5296,4224,'GenderOperatorAnswer',6,'','left','',NULL,'257','GenderOperatorAnsId',2,0,1),(5297,4225,'ProfessionOperatorAnswer',6,'','left','',NULL,'317','ProfessionOperatorId',2,0,1),(5298,4226,'ProfessionOperatorOtherAnswer',7,'','left','',NULL,'','ProfessionOperatorOtherAnswerI',1,0,1),(5299,4227,'MobileOperatorAnswer',7,'','left','',NULL,'','MobileOperatorAnsId',1,0,1),(5300,4228,'EmailOperatorAnswer',7,'','left','',NULL,'','EmailOperatorAnsId',1,0,1),(5301,4229,'FieldSizeGrownId',6,'','left','',NULL,'330','haId',2,0,1),(5302,4230,'HectareSize',5,'','left','',NULL,'','hectareSizeId',2,0,1),(5303,4231,'AcreSize',5,'','left','',NULL,'','AcreSizeId',2,0,1),(5304,4232,'CropsThisYearAnswer',6,'','left','',NULL,'273','',2,0,1),(5305,4233,'SeasonRecommendationAnswer',6,'','left','',NULL,'274','',2,0,1),(5413,4338,'CropAnswer',6,'','','',NULL,'265','',2,0,1),(5414,4339,'RiceGrowingAnswer',6,'','left','',NULL,'266','',2,0,1),(5415,4340,'MaizeGrowingCondAnswer',6,'','left','',NULL,'318','',2,0,1),(5416,4341,'MaizeVarietyAnswer',6,'','left','',NULL,'319','',2,0,1),(5417,4342,'SpacingMaizePlantsAnswerRows',5,'','left','',NULL,'','SpacingMaizePlantsAnswerRowsId',2,0,1),(5418,4342,'SpacingMaizePlantsAnswerPlants',5,'','left','',NULL,'','SpacingMaizePlantsAnswerPlantsId',2,1,1),(5419,4343,'ExpectedGrainDryAnswer',6,'','left','',NULL,'320','',2,0,1),(5420,4344,'GrainYieldHybridPartAnswer',6,'','left','',NULL,'321','',2,0,1),(5421,4345,'OpenPollinatedVarietyAnswer',6,'','left','',NULL,'322','',2,0,1),(5422,4346,'OpenPollinatedPartialAnswer',6,'','left','',NULL,'323','',2,0,1),(5423,4347,'FertilizerAppliedAnswer',6,'','left','',NULL,'324','',2,0,1),(5424,4348,'SizeMaizeAnswer',5,'','left','',NULL,'','SizeMaizeId',2,0,1),(5425,4349,'WheatGrowingAnswer',6,'','left','',NULL,'325','',2,0,1),(5426,4350,'RiceCropAnswer',6,'','left','',NULL,'267','',2,0,1),(5427,4351,'WheatEstablishmentAnswer',6,'','left','',NULL,'326','',2,0,1),(5428,4352,'RainfedYieldAnswer',6,'','left','',NULL,'327','',2,0,1),(5429,4353,'YieldWeightBasisAnswer',6,'','left','',NULL,'328','',2,0,1),(5430,4354,'FertilizerAppliedTimeAnswer',6,'','left','',NULL,'324','',2,0,1),(5431,4355,'SizeWheatFieldAnswer',5,'','left','',NULL,'','SizeWheatFieldId',2,0,1),(5432,4356,'GrownBeforeCropAnswer',6,'','left','',NULL,'272','',2,0,1),(5433,4357,'RiceDryWeightBasisAnswer',6,'','left','',NULL,'271','',2,0,1),(5434,4358,'MaizeDryWeightBasisAnswer',6,'','left','',NULL,'321','',2,0,1),(5435,4359,'WheatDryBasisAnswer',6,'','left','',NULL,'328','',2,0,1),(5436,4360,'LegumeDryBasisAnswer',6,'','left','',NULL,'329','',2,0,1),(5437,4361,'SownSeedBedAnswer',6,'','left','',NULL,'268','',2,0,1),(5438,4362,'RiceHarvestBeforeAnswer',6,'','left','',NULL,'333','',2,0,1),(5439,4363,'ResiduePreviousAnswer',6,'','left','',NULL,'334','',2,0,1),(5440,4364,'StrawPreviousCropAnswer',6,'','left','',NULL,'335','',2,0,1),(5441,4365,'HeightStemLeftAnswer',6,'','left','',NULL,'336','',2,0,1),(5442,4366,'StrawManagedAnswer',6,'','left','',NULL,'337','',2,0,1),(5443,4367,'PhosphorusAnswer',6,'','left','',NULL,'338','',2,0,1),(5444,4368,'NPKAnswer',7,'','left','',NULL,'','NPKNID',1,0,1),(5445,4369,'P2O5ContentAnswer',7,'','left','',NULL,'','P2O5ContentID',1,0,1),(5446,4370,'K2OContentAnswer',7,'','left','',NULL,'','K2OContentId',1,0,1),(5447,4371,'CountrySelectAnswer',3,'','left','',NULL,'339','',2,0,1),(5448,4372,'SownFieldAnswer',6,'','left','',NULL,'268','',2,0,1),(5449,4373,'IndiaStateAnswer',3,'','left','',NULL,'340','',2,0,1),(5450,4374,'CropManagerCountryAnswer',4,'','left','',NULL,'','',1,0,1),(5451,4375,'CropManagerIndiaAnswer',4,'','left','',NULL,'','',1,0,1),(5452,4376,'SownSeedHarvestAnswer',6,'','left','',NULL,'269','',2,0,1),(5453,4377,'SownFieldHarvestAnswer',6,'','left','',NULL,'269','',2,0,1),(5454,4378,'ApproximateSeedAgeAnswer',6,'','left','',NULL,'270','',2,0,1),(5455,4379,'DryWeightBasisAnswer',6,'','left','',NULL,'271','',2,0,1),(5456,4380,'RiceFieldGrownAnswer',5,'','left','',NULL,'','Hectare',2,0,1),(5457,4381,'district',3,'','left','',NULL,'1','distLabel',2,0,1),(5458,4382,'upazila',3,'','left','',NULL,'','upaLabel',2,0,1),(5459,4383,'week',3,'','left','',NULL,'','weekLabel',2,0,1),(5460,4384,'grown',6,'','','',NULL,'245','',2,0,1),(5461,4385,'spaceBet',5,'','right','',NULL,'','spaceBetLabel',2,0,1),(5462,4386,'spaceRow',5,'','right','',NULL,'','spaceRowLabel',2,0,1),(5463,4387,'harvest',5,'','left','',5464,'','harvestLabel',2,0,1),(5464,4387,'thaComp',9,'','right','Math.round(([harvest]/[fieldSize]*9.88)*10)/10',NULL,'','thaCompLabel',2,1,1),(5465,4388,'prevCrop',6,'','','',NULL,'','',2,0,1),(5466,4389,'prevOth',7,'','left','',NULL,'','prevOthLabel',1,0,1),(5467,4390,'desc',6,'','','',NULL,'248','',2,0,1),(5468,4391,'orgDAP',5,'','left','',NULL,'','orgDAPLabel',2,0,1),(5469,4391,'orgMOP',5,'','left','',NULL,'','orgMOPLabel',2,1,1),(5470,4391,'orgOth',5,'','left','',NULL,'','orgOthLabel',2,2,1),(5471,4391,'orgTSP',5,'','left','',NULL,'','orgTSPLabel',2,3,1),(5472,4392,'orgOthK',5,'','left','',NULL,'','orgOthKLabel',2,0,1),(5473,4392,'orgOthN',5,'','left','',NULL,'','orgOthNLabel',2,1,1),(5474,4392,'orgOthP',5,'','left','',NULL,'','orgOthPLabel',2,2,1),(5475,4393,'unionText',7,'','left','',NULL,'','unionTextLabel',1,0,1),(5476,4394,'htquestanswer',6,'','','',NULL,'249','',2,0,1),(5477,4395,'water',6,'','','',NULL,'250','',2,0,1),(5478,4396,'soil',6,'','','',NULL,'251','',2,0,1),(5479,4397,'org',6,'','','',NULL,'245','',2,0,1),(5480,4398,'cowOrg',5,'','left','',NULL,'','cowOrgLabel',2,0,1),(5481,4398,'pmOrg',5,'','left','',NULL,'','pmOrgLabel',2,1,1),(5482,4398,'vermiOrg',5,'','left','',NULL,'','vermiOrgLabel',2,2,1),(5483,4398,'comOrg',5,'','left','',NULL,'','comOrgLabel',2,3,1),(5484,4398,'pressOrg',5,'','left','',NULL,'','pressOrgLabel',2,4,1),(5485,4398,'ashOrg',5,'','left','',NULL,'','ashOrgLabel',2,5,1),(5486,4399,'pFert',6,'','','',NULL,'252','',2,0,1),(5487,4400,'intFarm',6,'','','',NULL,'245','',2,0,1),(5488,4401,'landPos',6,'','','',NULL,'253','',2,0,1),(5489,4402,'recMin',2,'','','',NULL,'254','',2,0,1),(5490,4403,'variety',7,'','','',NULL,'','',1,0,1),(5491,4404,'union',3,'','left','',NULL,'','unionLabel',2,0,1),(5492,4405,'unmill',5,'','left','',5493,'','unmillLabel',2,0,1),(5493,4405,'thaUMComp',9,'','right','Math.round(([unmill]/[fieldSize]*9.88)*10)/10',NULL,'','',2,1,1),(5494,4406,'record',6,'','','',NULL,'245','',2,0,1),(5495,4407,'picheckbox',2,'','','',NULL,'255','',2,0,1),(5496,4408,'piOthText',7,'','left','',NULL,'','piOthLabel',2,0,1),(5497,4409,'valCul',6,'','','',NULL,'245','',2,0,1),(5498,4410,'farmGN',7,'','left','',NULL,'','farmGNLabel',1,0,1),(5499,4411,'farmFN',7,'','left','',NULL,'','farmFNLabel',1,0,1),(5500,4412,'farmNID',7,'','left','',NULL,'','farmNIDLabel',1,0,1),(5501,4413,'farmAge',3,'','left','',NULL,'256','farmAgeLabel',2,0,1),(5502,4414,'farmGen',6,'','left','',NULL,'257','farmGenLabel',2,0,1),(5503,4415,'village',7,'','left','',NULL,'','villLabel',1,0,1),(5504,4416,'farmMPN',7,'','left','',NULL,'','farmMPNLabel',1,0,1),(5505,4417,'farmEmail',7,'','left','',NULL,'','farmEmailLabel',1,0,1),(5506,4418,'farmPID',7,'','left','',NULL,'','farmPIDLabel',1,0,1),(5507,4419,'farmEd',6,'','top','',NULL,'258','farmEdLabel',2,0,1),(5508,4420,'farmOcc',6,'','top','',NULL,'259','farmOccLabel',2,0,1),(5509,4421,'extGN',7,'','left','',NULL,'','extGNLabel',1,0,1),(5510,4422,'extFN',7,'','left','',NULL,'','extFNLabel',1,0,1),(5511,4423,'extRes',6,'','','',NULL,'245','',2,0,1),(5512,4424,'extProf',6,'','','',NULL,'260','',2,0,1),(5513,4425,'extMPN',7,'','left','',NULL,'','extMPNLabel',2,0,1),(5514,4426,'fieldName',7,'','','',NULL,'','',1,0,1),(5515,4427,'extEmail',7,'','left','',NULL,'','extEmailLabel',2,0,1),(5516,4428,'tuber',5,'','left','',NULL,'','tuberLabel',2,0,1),(5517,4429,'supply',6,'','','',NULL,'261','',2,0,1),(5518,4430,'manage',6,'','','',NULL,'262','',2,0,1),(5519,4431,'logging',6,'','','',NULL,'263','',2,0,1),(5520,4432,'gdAnswer',6,'','','',NULL,'264','',2,0,1),(5521,4433,'fieldSize',5,'','right','',5522,'','sizeLabel',2,0,1),(5522,4433,'compM2',9,'','right','Math.round([fieldSize]*10000/247*10)/10',NULL,'','compM2Label',2,1,1),(5523,4434,'season',6,'','','',NULL,'234','',2,0,1),(5524,4435,'plotPos',6,'','','',NULL,'','',2,0,1),(5525,4436,'month',3,'','left','',NULL,'','monthLabel',2,0,1);
/*!40000 ALTER TABLE `questionnaire_item_answer` ENABLE KEYS */;
UNLOCK TABLES;

--
-- Table structure for table `questionnaire_item_answer_attribute`
--

DROP TABLE IF EXISTS `questionnaire_item_answer_attribute`;
/*!40101 SET @saved_cs_client     = @@character_set_client */;
/*!40101 SET character_set_client = utf8 */;
CREATE TABLE `questionnaire_item_answer_attribute` (
  `id` int(11) NOT NULL AUTO_INCREMENT,
  `questionnaire_item_answer_id` int(11) NOT NULL,
  `key` varchar(250) NOT NULL,
  `value` varchar(250) NOT NULL,
  PRIMARY KEY (`id`),
  KEY `itemAnswerAttribute` (`questionnaire_item_answer_id`),
  CONSTRAINT `fk_question_item_answer_attribute_1` FOREIGN KEY (`questionnaire_item_answer_id`) REFERENCES `questionnaire_item_answer` (`id`) ON DELETE CASCADE ON UPDATE NO ACTION
) ENGINE=InnoDB DEFAULT CHARSET=latin1;
/*!40101 SET character_set_client = @saved_cs_client */;

--
-- Dumping data for table `questionnaire_item_answer_attribute`
--

LOCK TABLES `questionnaire_item_answer_attribute` WRITE;
/*!40000 ALTER TABLE `questionnaire_item_answer_attribute` DISABLE KEYS */;
/*!40000 ALTER TABLE `questionnaire_item_answer_attribute` ENABLE KEYS */;
UNLOCK TABLES;

--
-- Table structure for table `questionnaire_item_answer_dependency`
--

DROP TABLE IF EXISTS `questionnaire_item_answer_dependency`;
/*!40101 SET @saved_cs_client     = @@character_set_client */;
/*!40101 SET character_set_client = utf8 */;
CREATE TABLE `questionnaire_item_answer_dependency` (
  `id` int(11) NOT NULL AUTO_INCREMENT,
  `questionnaire_item_answer_id` int(11) NOT NULL,
  `questionnaire_item_answer_id_dependency` int(11) NOT NULL,
  PRIMARY KEY (`id`),
  KEY `index2` (`questionnaire_item_answer_id`),
  KEY `index3` (`questionnaire_item_answer_id_dependency`),
  CONSTRAINT `fk_questionnaire_item_answer_dependency_1` FOREIGN KEY (`questionnaire_item_answer_id`) REFERENCES `questionnaire_item_answer` (`id`) ON DELETE CASCADE ON UPDATE NO ACTION,
  CONSTRAINT `fk_questionnaire_item_answer_dependency_2` FOREIGN KEY (`questionnaire_item_answer_id_dependency`) REFERENCES `questionnaire_item_answer` (`id`) ON DELETE CASCADE ON UPDATE NO ACTION
) ENGINE=InnoDB AUTO_INCREMENT=344 DEFAULT CHARSET=latin1;
/*!40101 SET character_set_client = @saved_cs_client */;

--
-- Dumping data for table `questionnaire_item_answer_dependency`
--

LOCK TABLES `questionnaire_item_answer_dependency` WRITE;
/*!40000 ALTER TABLE `questionnaire_item_answer_dependency` DISABLE KEYS */;
INSERT INTO `questionnaire_item_answer_dependency` VALUES (338,5458,5457),(339,5459,5525),(340,5465,5523),(341,5491,5458),(342,5524,5523),(343,5525,5523);
/*!40000 ALTER TABLE `questionnaire_item_answer_dependency` ENABLE KEYS */;
UNLOCK TABLES;

--
-- Table structure for table `questionnaire_item_answer_dependency_item`
--

DROP TABLE IF EXISTS `questionnaire_item_answer_dependency_item`;
/*!40101 SET @saved_cs_client     = @@character_set_client */;
/*!40101 SET character_set_client = utf8 */;
CREATE TABLE `questionnaire_item_answer_dependency_item` (
  `id` int(11) NOT NULL AUTO_INCREMENT,
  `questionnaire_item_answer_dependency_id` int(11) NOT NULL,
  `value` varchar(250) NOT NULL,
  `answer` varchar(250) NOT NULL,
  PRIMARY KEY (`id`),
  KEY `index2` (`questionnaire_item_answer_dependency_id`),
  CONSTRAINT `fk_questionnaire_item_answer_dependency_item_1` FOREIGN KEY (`questionnaire_item_answer_dependency_id`) REFERENCES `questionnaire_item_answer_dependency` (`id`) ON DELETE CASCADE ON UPDATE NO ACTION
) ENGINE=InnoDB AUTO_INCREMENT=15289 DEFAULT CHARSET=latin1;
/*!40101 SET character_set_client = @saved_cs_client */;

--
-- Dumping data for table `questionnaire_item_answer_dependency_item`
--

LOCK TABLES `questionnaire_item_answer_dependency_item` WRITE;
/*!40000 ALTER TABLE `questionnaire_item_answer_dependency_item` DISABLE KEYS */;
INSERT INTO `questionnaire_item_answer_dependency_item` VALUES (15045,338,'1','2'),(15046,338,'2','3'),(15047,338,'3','4'),(15048,338,'4','5'),(15049,338,'5','6'),(15050,338,'34','35'),(15051,338,'7','8'),(15052,338,'36','37'),(15053,338,'9','10'),(15054,338,'37','38'),(15055,338,'11','12'),(15056,338,'12','13'),(15057,338,'13','14'),(15058,338,'40','41'),(15059,338,'15','16'),(15060,338,'41','42'),(15061,338,'17','18'),(15062,338,'42','43'),(15063,338,'19','20'),(15064,338,'20','21'),(15065,338,'45','46'),(15066,338,'22','23'),(15067,338,'46','47'),(15068,338,'24','25'),(15069,338,'47','48'),(15070,338,'26','27'),(15071,338,'27','28'),(15072,338,'50','51'),(15073,338,'29','30'),(15074,338,'6','7'),(15075,338,'51','52'),(15076,338,'32','33'),(15077,338,'33','34'),(15078,338,'54','55'),(15079,338,'35','36'),(15080,338,'14','15'),(15081,338,'55','56'),(15082,338,'38','39'),(15083,338,'39','40'),(15084,338,'58','59'),(15085,338,'21','22'),(15086,338,'59','60'),(15087,338,'43','44'),(15088,338,'44','45'),(15089,338,'61','62'),(15090,338,'28','29'),(15091,338,'62','63'),(15092,338,'48','49'),(15093,338,'49','50'),(15094,338,'64','65'),(15095,338,'8','9'),(15096,338,'52','53'),(15097,338,'53','54'),(15098,338,'10','11'),(15099,338,'16','17'),(15100,338,'56','57'),(15101,338,'57','58'),(15102,338,'18','19'),(15103,338,'23','24'),(15104,338,'60','61'),(15105,338,'25','26'),(15106,338,'30','31'),(15107,338,'63','64'),(15108,338,'31','32'),(15109,339,'22918','239'),(15110,339,'22919','240'),(15111,339,'22920','241'),(15112,339,'22921','242'),(15113,339,'22922','243'),(15114,339,'22923','244'),(15115,340,'22910','246'),(15116,340,'22911','247'),(15117,341,'20876','66'),(15118,341,'20877','67'),(15119,341,'21080','124'),(15120,341,'21326','225'),(15121,341,'20984','89'),(15122,341,'21270','217'),(15123,341,'21115','143'),(15124,341,'21176','170'),(15125,341,'21035','119'),(15126,341,'21084','128'),(15127,341,'21269','216'),(15128,341,'21175','169'),(15129,341,'21251','208'),(15130,341,'20882','72'),(15131,341,'21171','165'),(15132,341,'21087','131'),(15133,341,'20981','86'),(15134,341,'21200','189'),(15135,341,'21231','195'),(15136,341,'21248','205'),(15137,341,'20996','101'),(15138,341,'21268','215'),(15139,341,'21085','129'),(15140,341,'21029','113'),(15141,341,'21031','115'),(15142,341,'21272','219'),(15143,341,'21156','164'),(15144,341,'20988','138'),(15145,341,'20888','78'),(15146,341,'21032','116'),(15147,341,'21013','105'),(15148,341,'21328','227'),(15149,341,'21188','177'),(15150,341,'20878','68'),(15151,341,'21202','191'),(15152,341,'21083','190'),(15153,341,'21329','228'),(15154,341,'21033','117'),(15155,341,'20879','69'),(15156,341,'21077','121'),(15157,341,'21190','179'),(15158,341,'21244','201'),(15159,341,'20884','74'),(15160,341,'21145','153'),(15161,341,'20983','88'),(15162,341,'21243','200'),(15163,341,'21230','233'),(15164,341,'21233','197'),(15165,341,'20885','75'),(15166,341,'21034','118'),(15167,341,'21323','222'),(15168,341,'21331','230'),(15169,341,'20887','77'),(15170,341,'20982','87'),(15171,341,'21146','154'),(15172,341,'21096','140'),(15173,341,'20974','91'),(15174,341,'21232','196'),(15175,341,'21153','161'),(15176,341,'21020','112'),(15177,341,'21090','134'),(15178,341,'20992','97'),(15179,341,'21190','207'),(15180,341,'21179','173'),(15181,341,'21271','218'),(15182,341,'20993','98'),(15183,341,'21116','144'),(15184,341,'21012','104'),(15185,341,'21123','147'),(15186,341,'21174','168'),(15187,341,'21016','108'),(15188,341,'21198','187'),(15189,341,'21076','120'),(15190,341,'21327','226'),(15191,341,'21325','224'),(15192,341,'21017','109'),(15193,341,'21117','145'),(15194,341,'20989','94'),(15195,341,'20995','100'),(15196,341,'21019','111'),(15197,341,'21199','188'),(15198,341,'21155','163'),(15199,341,'21078','122'),(15200,341,'21229','194'),(15201,341,'21187','176'),(15202,341,'21189','178'),(15203,341,'21083','127'),(15204,341,'21333','232'),(15205,341,'21247','204'),(15206,341,'20985','90'),(15207,341,'21191','180'),(15208,341,'21089','133'),(15209,341,'21173','167'),(15210,341,'21092','136'),(15211,341,'20976','81'),(15212,341,'21099','146'),(15213,341,'20991','96'),(15214,341,'20990','95'),(15215,341,'21093','137'),(15216,341,'21192','181'),(15217,341,'21149','157'),(15218,341,'21196','185'),(15219,341,'21126','150'),(15220,341,'20978','83'),(15221,341,'21015','107'),(15222,341,'21255','212'),(15223,341,'21273','220'),(15224,341,'21125','149'),(15225,341,'21014','106'),(15226,341,'21114','142'),(15227,341,'21011','103'),(15228,341,'21324','223'),(15229,341,'21193','182'),(15230,341,'21081','125'),(15231,341,'21086','130'),(15232,341,'21095','139'),(15233,341,'20889','79'),(15234,341,'21124','148'),(15235,341,'21322','221'),(15236,341,'21249','206'),(15237,341,'21128','152'),(15238,341,'20997','102'),(15239,341,'21330','229'),(15240,341,'21181','175'),(15241,341,'21252','209'),(15242,341,'21242','199'),(15243,341,'21151','159'),(15244,341,'21030','114'),(15245,341,'20886','76'),(15246,341,'21082','126'),(15247,341,'21152','160'),(15248,341,'21253','210'),(15249,341,'21172','166'),(15250,341,'21267','214'),(15251,341,'20881','71'),(15252,341,'20883','73'),(15253,341,'21177','171'),(15254,341,'20987','92'),(15255,341,'21195','184'),(15256,341,'21091','135'),(15257,341,'21088','132'),(15258,341,'21178','172'),(15259,341,'21254','211'),(15260,341,'21147','155'),(15261,341,'21154','162'),(15262,341,'21180','174'),(15263,341,'21194','183'),(15264,341,'20988','93'),(15265,341,'21332','231'),(15266,341,'21197','186'),(15267,341,'20994','99'),(15268,341,'20890','80'),(15269,341,'20977','82'),(15270,341,'21203','192'),(15271,341,'21097','141'),(15272,341,'21018','110'),(15273,341,'21127','151'),(15274,341,'21228','193'),(15275,341,'20979','84'),(15276,341,'21234','198'),(15277,341,'20880','70'),(15278,341,'21245','202'),(15279,341,'21079','123'),(15280,341,'21266','213'),(15281,341,'21150','158'),(15282,341,'21148','156'),(15283,341,'21246','203'),(15284,341,'20980','85'),(15285,342,'22910','235'),(15286,342,'22911','236'),(15287,343,'22910','237'),(15288,343,'22911','238');
/*!40000 ALTER TABLE `questionnaire_item_answer_dependency_item` ENABLE KEYS */;
UNLOCK TABLES;

--
-- Table structure for table `questionnaire_item_answer_label`
--

DROP TABLE IF EXISTS `questionnaire_item_answer_label`;
/*!40101 SET @saved_cs_client     = @@character_set_client */;
/*!40101 SET character_set_client = utf8 */;
CREATE TABLE `questionnaire_item_answer_label` (
  `id` int(11) NOT NULL AUTO_INCREMENT,
  `questionnaire_item_answer_id` int(11) NOT NULL,
  `languages_id` int(11) NOT NULL,
  `value` text NOT NULL,
  PRIMARY KEY (`id`),
  UNIQUE KEY `item_answer_label` (`questionnaire_item_answer_id`,`languages_id`),
  KEY `index3` (`questionnaire_item_answer_id`),
  KEY `fk_questionnaire_item_answer_label_2_idx` (`languages_id`),
  CONSTRAINT `fk_questionnaire_item_answer_label_1` FOREIGN KEY (`questionnaire_item_answer_id`) REFERENCES `questionnaire_item_answer` (`id`) ON DELETE CASCADE ON UPDATE NO ACTION,
  CONSTRAINT `fk_questionnaire_item_answer_label_2` FOREIGN KEY (`languages_id`) REFERENCES `languages` (`id`) ON DELETE CASCADE ON UPDATE NO ACTION
) ENGINE=InnoDB AUTO_INCREMENT=6091 DEFAULT CHARSET=latin1;
/*!40101 SET character_set_client = @saved_cs_client */;

--
-- Dumping data for table `questionnaire_item_answer_label`
--

LOCK TABLES `questionnaire_item_answer_label` WRITE;
/*!40000 ALTER TABLE `questionnaire_item_answer_label` DISABLE KEYS */;
INSERT INTO `questionnaire_item_answer_label` VALUES (5899,5260,1,'How do you name the rice field for identification?'),(5900,5260,4,'How do you name the rice field for identification?'),(5901,5266,1,'Date Sown'),(5902,5266,4,'Date Sown'),(5903,5267,1,'Date'),(5904,5267,4,'Date'),(5905,5268,1,'Name of variety:'),(5906,5268,4,'Name of variety:'),(5907,5271,1,'District:'),(5908,5271,4,'District:'),(5909,5272,1,'Kilogram'),(5910,5272,4,'Kilogram'),(5911,5273,1,'Bushel'),(5912,5273,4,'Bushel'),(5913,5275,1,'Kilogram:'),(5914,5275,4,'Kilogram:'),(5915,5276,1,'Bushel:'),(5916,5276,4,'Bushel:'),(5917,5277,1,'Bag:'),(5918,5277,4,'Bag:'),(5919,5282,1,'Division:'),(5920,5282,4,'Division:'),(5921,5287,1,'Given name:'),(5922,5287,4,'Given name:'),(5923,5288,1,'Surname:'),(5924,5288,4,'Surname:'),(5925,5289,1,'Gender:'),(5926,5289,4,'Gender:'),(5927,5290,1,'Mobile phone number (optional):'),(5928,5290,4,'Mobile phone number (optional):'),(5929,5291,1,'E-mail (optional):'),(5930,5291,4,'E-mail (optional):'),(5931,5292,1,'Name of water tank used for irrigating field?'),(5932,5292,4,'Name of water tank used for irrigating field?'),(5933,5293,1,'Village:'),(5934,5293,4,'Village:'),(5935,5294,1,'Given Name:'),(5936,5294,4,'Given Name:'),(5937,5295,1,'Surname:'),(5938,5295,4,'Surname:'),(5939,5296,1,'Gender:'),(5940,5296,4,'Gender:'),(5941,5298,1,'Please specify:'),(5942,5298,4,'Please specify:'),(5943,5299,1,'Mobile phone number (optional):'),(5944,5299,4,'Mobile phone number (optional):'),(5945,5300,1,'E-mail (optional):'),(5946,5300,4,'E-mail (optional):'),(5947,5302,1,'Hectare Size'),(5948,5302,4,'Hectare Size'),(5949,5303,1,'Acre Size'),(5950,5303,4,'Acre Size'),(5987,5417,1,'Between rows of maize (cm):'),(5988,5417,3,'Between rows of maize (cm):'),(5989,5418,1,'Between plants within a row (cm):'),(5990,5418,3,'Between plants within a row (cm):'),(5991,5424,1,'Hectare'),(5992,5424,3,'Hectare'),(5993,5431,1,'Hectare'),(5994,5431,3,'Hectare'),(5995,5444,1,'N Content:'),(5996,5444,3,'N Content:'),(5997,5445,1,'P2O5 content:'),(5998,5445,3,'P2O5 content:'),(5999,5446,1,'K2O content:'),(6000,5446,3,'K2O content:'),(6001,5456,1,'Hectare'),(6002,5456,3,'Hectare'),(6003,5457,1,'District'),(6004,5457,3,'District'),(6005,5458,1,'Upazila'),(6006,5458,3,'Upazila'),(6007,5459,1,'Select a week'),(6008,5459,3,'Select a week'),(6009,5461,1,'cm'),(6010,5461,3,'cm'),(6011,5462,1,'cm'),(6012,5462,3,'cm'),(6013,5463,1,'Grain yield in maund (1 maund = 40 kg):'),(6014,5463,3,'Grain yield in maund (1 maund = 40 kg):'),(6015,5464,1,'t/ha'),(6016,5464,3,'t/ha'),(6017,5466,1,'If other crop, please specify:'),(6018,5466,3,'If other crop, please specify:'),(6019,5468,1,'DAP (18-46-0)'),(6020,5468,3,'DAP (18-46-0)'),(6021,5469,1,'MOP'),(6022,5469,3,'MOP'),(6023,5470,1,'Other fertilizer source'),(6024,5470,3,'Other fertilizer source'),(6025,5471,1,'TSP (0-46-0)'),(6026,5471,3,'TSP (0-46-0)'),(6027,5472,1,'%K ='),(6028,5472,3,'%K ='),(6029,5473,1,'%N ='),(6030,5473,3,'%N ='),(6031,5474,1,'%P ='),(6032,5474,3,'%P ='),(6033,5475,1,'Union'),(6034,5475,3,'Union'),(6035,5480,1,'Cow dung (decomposed)'),(6036,5480,3,'Cow dung (decomposed)'),(6037,5481,1,'Poultry manure'),(6038,5481,3,'Poultry manure'),(6039,5482,1,'Vermicompost'),(6040,5482,3,'Vermicompost'),(6041,5483,1,'Compost'),(6042,5483,3,'Compost'),(6043,5484,1,'Press mud'),(6044,5484,3,'Press mud'),(6045,5485,1,'Ash from cooking stove'),(6046,5485,3,'Ash from cooking stove'),(6047,5491,1,'Union'),(6048,5491,3,'Union'),(6049,5492,1,'Grain yield in maund (1 maund = 40 kg):'),(6050,5492,3,'Grain yield in maund (1 maund = 40 kg):'),(6051,5496,1,'If others, please specify:'),(6052,5496,3,'If others, please specify:'),(6053,5498,1,'Given name:'),(6054,5498,3,'Given name:'),(6055,5499,1,'Full name:'),(6056,5499,3,'Full name:'),(6057,5500,1,'National ID number (optional):'),(6058,5500,3,'National ID number (optional):'),(6059,5501,1,'Age:'),(6060,5501,3,'Age:'),(6061,5502,1,'Gender:'),(6062,5502,3,'Gender:'),(6063,5503,1,'Village'),(6064,5503,3,'Village'),(6065,5504,1,'Mobile phone number (optional):'),(6066,5504,3,'Mobile phone number (optional):'),(6067,5505,1,'Email (optional):'),(6068,5505,3,'Email (optional):'),(6069,5506,1,'CSISA project ID of farmer (optional):'),(6070,5506,3,'CSISA project ID of farmer (optional):'),(6071,5507,1,'What is your highest level of education and skills? (optional)'),(6072,5507,3,'What is your highest level of education and skills? (optional)'),(6073,5508,1,'What is your main occupation? (optional)'),(6074,5508,3,'What is your main occupation? (optional)'),(6075,5509,1,'Given name:'),(6076,5509,3,'Given name:'),(6077,5510,1,'Full name:'),(6078,5510,3,'Full name:'),(6079,5513,1,'Mobile phone number (optional):'),(6080,5513,3,'Mobile phone number (optional):'),(6081,5515,1,'Email (optional):'),(6082,5515,3,'Email (optional):'),(6083,5516,1,'Potato yield in maund (1 maund = 40 kg):'),(6084,5516,3,'Potato yield in maund (1 maund = 40 kg):'),(6085,5521,1,'decimals'),(6086,5521,3,'decimals'),(6087,5522,1,'m2'),(6088,5522,3,'m2'),(6089,5525,1,'Select a month'),(6090,5525,3,'Select a month');
/*!40000 ALTER TABLE `questionnaire_item_answer_label` ENABLE KEYS */;
UNLOCK TABLES;

--
-- Table structure for table `questionnaire_item_answer_validation`
--

DROP TABLE IF EXISTS `questionnaire_item_answer_validation`;
/*!40101 SET @saved_cs_client     = @@character_set_client */;
/*!40101 SET character_set_client = utf8 */;
CREATE TABLE `questionnaire_item_answer_validation` (
  `id` int(11) NOT NULL AUTO_INCREMENT,
  `questionnaire_item_answer_id` int(11) NOT NULL,
  `operator` int(11) NOT NULL,
  `value` text NOT NULL,
  `warning_id` varchar(250) NOT NULL,
  `message` text NOT NULL,
  PRIMARY KEY (`id`),
  KEY `index2` (`questionnaire_item_answer_id`),
  CONSTRAINT `fk_question_item_answer_validation_1` FOREIGN KEY (`questionnaire_item_answer_id`) REFERENCES `questionnaire_item_answer` (`id`) ON DELETE CASCADE ON UPDATE NO ACTION
) ENGINE=InnoDB AUTO_INCREMENT=148 DEFAULT CHARSET=latin1;
/*!40101 SET character_set_client = @saved_cs_client */;

--
-- Dumping data for table `questionnaire_item_answer_validation`
--

LOCK TABLES `questionnaire_item_answer_validation` WRITE;
/*!40000 ALTER TABLE `questionnaire_item_answer_validation` DISABLE KEYS */;
INSERT INTO `questionnaire_item_answer_validation` VALUES (141,5260,3,'0','FieldRecommendationWarning','Note: Use descriptive name for the field. Field name should be clear to the farmer that he/she can easily associate to the field to be provided with RCM recommendation.'),(146,5432,3,'23061','CropWarningOther','The handling of other crops is beyond the scope of Nutrient Manager. Please select another option. A customized version of Crop Manager is required to handle other crops.'),(147,5522,1,'100000','comphaWarn','Warning: Enter a value not greater than 10 hectares.');
/*!40000 ALTER TABLE `questionnaire_item_answer_validation` ENABLE KEYS */;
UNLOCK TABLES;

--
-- Table structure for table `questionnaire_item_label`
--

DROP TABLE IF EXISTS `questionnaire_item_label`;
/*!40101 SET @saved_cs_client     = @@character_set_client */;
/*!40101 SET character_set_client = utf8 */;
CREATE TABLE `questionnaire_item_label` (
  `id` int(11) NOT NULL AUTO_INCREMENT,
  `questionnaire_item_id` int(11) NOT NULL,
  `languages_id` int(11) NOT NULL,
  `value` text NOT NULL,
  PRIMARY KEY (`id`),
  UNIQUE KEY `itemLabel` (`questionnaire_item_id`,`languages_id`),
  KEY `fk_questionnaire_item_label_1_idx` (`languages_id`),
  CONSTRAINT `fk_questionnaire_item_label_1` FOREIGN KEY (`languages_id`) REFERENCES `languages` (`id`) ON DELETE CASCADE ON UPDATE NO ACTION,
  CONSTRAINT `fk_questionnaire_item_label_2` FOREIGN KEY (`questionnaire_item_id`) REFERENCES `questionnaire_item` (`id`) ON DELETE CASCADE ON UPDATE NO ACTION
) ENGINE=InnoDB AUTO_INCREMENT=616 DEFAULT CHARSET=latin1;
/*!40101 SET character_set_client = @saved_cs_client */;

--
-- Dumping data for table `questionnaire_item_label`
--

LOCK TABLES `questionnaire_item_label` WRITE;
/*!40000 ALTER TABLE `questionnaire_item_label` DISABLE KEYS */;
INSERT INTO `questionnaire_item_label` VALUES (586,4187,1,'Rice Crop Manager provides a farmer with a personalized crop management recommendation after they answer a series of questions. It is only for use with irrigated and rainfed rice grown in fields surrounded by bunds.\n\nThe farmer should answer the following questions for the upcoming rice crop before 8 days after sowing for direct seeded rice or before transplanting for transplanted rice. They should answer all questions separately for each rice field they desire a recommendation.'),(587,4187,4,'Rice Crop Manager provides a farmer with a personalized crop management recommendation after they answer a series of questions. It is only for use with irrigated and rainfed rice grown in fields surrounded by bunds.\n\nThe farmer should answer the following questions for the upcoming rice crop before 8 days after sowing for direct seeded rice or before transplanting for transplanted rice. They should answer all questions separately for each rice field they desire a recommendation.'),(588,4214,1,'For the person operating Rice Crop Manager'),(589,4214,4,'For the person operating Rice Crop Manager'),(598,4338,1,'Nutrient Manager calculates the requirements of rice, maize, and wheat crops for nitrogen, phosphorus, and potassium fertilizer. It provides a generic fertilizer recommendation based on the answers of the user to a series of general questions about crop-growing conditions.  \n\nNutrient Manager serves as a teaching tool and as a generic guide, particularly for researchers and extension. The optimal fertilizer requirements and management for a specific field can depend on variable factors not considered in detail in Nutrient Manager.\n\nNutrient Manager complements country-specific versions of Crop Manager, which provide a farmer with a personalized fertilizer and crop management recommendation for specific fields. Crop Manager is currently available and under development for selected crops and countries in Asia.\n\nNutrient Manager will direct users in Asia to relevant available versions of Crop Manager. Nutrient Manager therefore also serves as a transient tool to guide the calculation of fertilizer requirements before crop and country specific versions of Crop Manager are available.\n\nInstructions:\nThe user should select a crop and answer the questions for the crop'),(599,4338,3,'Nutrient Manager calculates the requirements of rice, maize, and wheat crops for nitrogen, phosphorus, and potassium fertilizer. It provides a generic fertilizer recommendation based on the answers of the user to a series of general questions about crop-growing conditions.  \n\nNutrient Manager serves as a teaching tool and as a generic guide, particularly for researchers and extension. The optimal fertilizer requirements and management for a specific field can depend on variable factors not considered in detail in Nutrient Manager.\n\nNutrient Manager complements country-specific versions of Crop Manager, which provide a farmer with a personalized fertilizer and crop management recommendation for specific fields. Crop Manager is currently available and under development for selected crops and countries in Asia.\n\nNutrient Manager will direct users in Asia to relevant available versions of Crop Manager. Nutrient Manager therefore also serves as a transient tool to guide the calculation of fertilizer requirements before crop and country specific versions of Crop Manager are available.\n\nInstructions:\nThe user should select a crop and answer the questions for the crop'),(600,4367,1,'Nutrient Manager assumes nitrogen fertilizer is applied as urea, and potassium fertilizer is applied as potassium chloride (muriate of potash, 0-0-60)\n\nNutrient Manager allows the user to select a phosphorus fertilizer source.'),(601,4367,3,'Nutrient Manager assumes nitrogen fertilizer is applied as urea, and potassium fertilizer is applied as potassium chloride (muriate of potash, 0-0-60)\n\nNutrient Manager allows the user to select a phosphorus fertilizer source.'),(602,4374,1,'A Crop Manager for [[GrownBeforeCropAnswer]] in [[CountrySelectAnswer]] is already available at http://cropmanager.irri.org.\n\nCrop Manager has more advanced decision making capabilities than Nutrient Manager. Crop Manager can provide a farmer with a personalized fertilizer and crop management recommendation for specific fields.'),(603,4374,3,'A Crop Manager for [[GrownBeforeCropAnswer]] in [[CountrySelectAnswer]] is already available at http://cropmanager.irri.org.\n\nCrop Manager has more advanced decision making capabilities than Nutrient Manager. Crop Manager can provide a farmer with a personalized fertilizer and crop management recommendation for specific fields.'),(604,4375,1,'A Crop Manager for [[GrownBeforeCropAnswer]] in [[IndiaStateAnswer]] is already available at http://cropmanager.irri.org.\n\nCrop Manager has more advanced decision making capabilities than Nutrient Manager. Crop Manager can provide a farmer with a personalized fertilizer and crop management recommendation for specific fields.'),(605,4375,3,'A Crop Manager for [[GrownBeforeCropAnswer]] in [[IndiaStateAnswer]] is already available at http://cropmanager.irri.org.\n\nCrop Manager has more advanced decision making capabilities than Nutrient Manager. Crop Manager can provide a farmer with a personalized fertilizer and crop management recommendation for specific fields.'),(606,4381,1,'The farmer should answer the questions for their maize plot for the season they desire recommended management practices.'),(607,4381,3,'The farmer should answer the questions for their maize plot for the season they desire recommended management practices.'),(608,4400,1,'For the user of Maize Crop Manager'),(609,4400,3,'For the user of Maize Crop Manager'),(610,4401,1,'Additional questions for the user of Maize Crop Manager'),(611,4401,3,'Additional questions for the user of Maize Crop Manager'),(612,4403,1,'Additional questions for the farmer'),(613,4403,3,'Additional questions for the farmer'),(614,4410,1,'Information about the farmer'),(615,4410,3,'Information about the farmer');
/*!40000 ALTER TABLE `questionnaire_item_label` ENABLE KEYS */;
UNLOCK TABLES;

--
-- Table structure for table `questionnaire_item_question`
--

DROP TABLE IF EXISTS `questionnaire_item_question`;
/*!40101 SET @saved_cs_client     = @@character_set_client */;
/*!40101 SET character_set_client = utf8 */;
CREATE TABLE `questionnaire_item_question` (
  `id` int(11) NOT NULL AUTO_INCREMENT,
  `questionnaire_item_id` int(11) NOT NULL,
  `languages_id` int(11) NOT NULL,
  `value` text NOT NULL,
  PRIMARY KEY (`id`),
  UNIQUE KEY `questionItemQuestion` (`questionnaire_item_id`,`languages_id`),
  KEY `fk_questionnaire_item_question_2_idx` (`languages_id`),
  CONSTRAINT `fk_questionnaire_item_question_1` FOREIGN KEY (`questionnaire_item_id`) REFERENCES `questionnaire_item` (`id`) ON DELETE CASCADE ON UPDATE NO ACTION,
  CONSTRAINT `fk_questionnaire_item_question_2` FOREIGN KEY (`languages_id`) REFERENCES `languages` (`id`) ON DELETE CASCADE ON UPDATE NO ACTION
) ENGINE=InnoDB AUTO_INCREMENT=6693 DEFAULT CHARSET=latin1;
/*!40101 SET character_set_client = @saved_cs_client */;

--
-- Dumping data for table `questionnaire_item_question`
--

LOCK TABLES `questionnaire_item_question` WRITE;
/*!40000 ALTER TABLE `questionnaire_item_question` DISABLE KEYS */;
INSERT INTO `questionnaire_item_question` VALUES (6291,4187,1,'For how many rice fields do you desire a recommendation?'),(6292,4187,4,'For how many rice fields do you desire a recommendation?'),(6293,4188,1,'Answer the following questions for your field number [[fRecommend]]'),(6294,4188,4,'Answer the following questions for your field number [[fRecommend]]'),(6295,4189,1,'What major crop was grown before the upcoming [[SeasonRecommendationAnswer]] season?'),(6296,4189,4,'What major crop was grown before the upcoming [[SeasonRecommendationAnswer]] season?'),(6297,4190,1,'Which best describes your field in the upcoming [[SeasonRecommendationAnswer]] season?'),(6298,4190,4,'Which best describes your field in the upcoming [[SeasonRecommendationAnswer]] season?'),(6299,4191,1,'How will your rice be established in the upcoming [[SeasonRecommendationAnswer]]  season?'),(6300,4191,4,'How will your rice be established in the upcoming [[SeasonRecommendationAnswer]]  season?'),(6301,4192,1,'How will you establish rice?'),(6302,4192,4,'How will you establish rice?'),(6303,4193,1,'How will you establish rice?'),(6304,4193,4,'How will you establish rice?'),(6305,4194,1,'When is rice sown in the field?'),(6306,4194,4,'When is rice sown in the field?'),(6307,4195,1,'When is rice sown in the seed bed?'),(6308,4195,4,'When is rice sown in the seed bed?'),(6309,4196,1,'What variety will you grow in the upcoming [[SeasonRecommendationAnswer]]  season?'),(6310,4196,4,'What variety will you grow in the upcoming [[SeasonRecommendationAnswer]]  season?'),(6311,4197,1,'What is the growth duration of the variety from sowing to harvest?'),(6312,4197,4,'What is the growth duration of the variety from sowing to harvest?'),(6313,4198,1,'What seed rate will you use for your [[EstablishedRiceAnswer]] field for the selected season?'),(6314,4198,4,'What seed rate will you use for your [[EstablishedRiceAnswer]] field for the selected season?'),(6315,4199,1,'Where is the field?'),(6316,4199,4,'Where is the field?'),(6317,4202,1,'How much fresh unmilled rice do you typically harvest from your [[EstablishedRiceAnswer]] field in the selected [[SeasonRecommendationAnswer]]  using a selected variety?'),(6318,4202,4,'How much fresh unmilled rice do you typically harvest from your [[EstablishedRiceAnswer]] field in the selected [[SeasonRecommendationAnswer]]  using a selected variety?'),(6319,4206,1,'Which best describes your rice field in recent [[SeasonRecommendationAnswer]]  season?'),(6320,4206,4,'Which best describes your rice field in recent [[SeasonRecommendationAnswer]]  season?'),(6321,4207,1,'Do you have access to pump for supplying water when a drought risks loss of crop yield?'),(6322,4207,4,'Do you have access to pump for supplying water when a drought risks loss of crop yield?'),(6323,4208,1,'How was rice harvested in the immediate [[MajorCropAnswer]]  season?'),(6324,4208,4,'How was rice harvested in the immediate [[MajorCropAnswer]]  season?'),(6325,4209,1,'How will you control weeds in the [[SeasonRecommendationAnswer]]  season? (can select more than 1 option)'),(6326,4209,4,'How will you control weeds in the [[SeasonRecommendationAnswer]] season? (can select more than 1 option)'),(6327,4211,1,'Is your field affected by salinity?'),(6328,4211,4,'Is your field affected by salinity?'),(6329,4212,1,'Is your field affected by iron toxicity?'),(6330,4212,4,'Is your field affected by iron toxicity?'),(6331,4213,1,'When was zinc sulfate last applied to rice in your field?'),(6332,4213,4,'When was zinc sulfate last applied to rice in your field?'),(6333,4214,1,'Did you answer the questions through an interview of a farmer who wants to receive a recommendation?'),(6334,4214,4,'Did you answer the questions through an interview of a farmer who wants to receive a recommendation?'),(6335,4215,1,'Information about the farmer'),(6336,4215,4,'Information about the farmer'),(6337,4222,1,'Information about the person operating Rice Crop Manager'),(6338,4222,4,'Information about the person operating Rice Crop Manager'),(6339,4225,1,'Profession:'),(6340,4225,4,'Profession:'),(6341,4229,1,'What is the field size on which rice will be grown?'),(6342,4229,4,'What is the field size on which rice will be grown?'),(6343,4232,1,'How many crops of rice are grown in the field this year?'),(6344,4232,4,'How many crops of rice are grown in the field this year?'),(6345,4233,1,'For which upcoming season do you need a recommendation?'),(6346,4233,4,'For which upcoming season do you need a recommendation?'),(6547,4338,1,'Select a crop:'),(6548,4338,3,'Select a crop:'),(6549,4339,1,'Which best describes the rice-growing conditions?'),(6550,4339,3,'Which best describes the rice-growing conditions?'),(6551,4340,1,'Which best describes the maize-growing conditions?'),(6552,4340,3,'Which best describes the maize-growing conditions?'),(6553,4341,1,'Select a maize variety?'),(6554,4341,3,'Select a maize variety?'),(6555,4342,1,'What is the spacing of maize plants?'),(6556,4342,3,'What is the spacing of maize plants?'),(6557,4343,1,'What is the expected grain yield for maize on a dry weight basis?'),(6558,4343,3,'What is the expected grain yield for maize on a dry weight basis?'),(6559,4344,1,'What is the expected grain yield for maize on a dry weight basis?'),(6560,4344,3,'What is the expected grain yield for maize on a dry weight basis?'),(6561,4345,1,'What is the expected grain yield for maize on a dry weight basis?'),(6562,4345,3,'What is the expected grain yield for maize on a dry weight basis?'),(6563,4346,1,'What is the expected grain yield for maize on a dry weight basis?'),(6564,4346,3,'What is the expected grain yield for maize on a dry weight basis?'),(6565,4347,1,'How many times is fertilizer applied to maize?'),(6566,4347,3,'How many times is fertilizer applied to maize?'),(6567,4348,1,'What is the size of the field on which maize is grown?'),(6568,4348,3,'What is the size of the field on which maize is grown?'),(6569,4349,1,'Which best describes the wheat-growing conditions?'),(6570,4349,3,'Which best describes the wheat-growing conditions?'),(6571,4350,1,'How is the rice crop established?'),(6572,4350,3,'How is the rice crop established?'),(6573,4351,1,'How many times is the wheat crop irrigated from establishment to harvest?'),(6574,4351,3,'How many times is the wheat crop irrigated from establishment to harvest?'),(6575,4352,1,'What is the expected grain yield for wheat on a dry weight basis?'),(6576,4352,3,'What is the expected grain yield for wheat on a dry weight basis?'),(6577,4353,1,'What is the expected grain yield for wheat on a dry weight basis?'),(6578,4353,3,'What is the expected grain yield for wheat on a dry weight basis?'),(6579,4354,1,'How many times is fertilizer applied to wheat?'),(6580,4354,3,'How many times is fertilizer applied to wheat?'),(6581,4355,1,'What is the size of the field on which wheat is grown?'),(6582,4355,3,'What is the size of the field on which wheat is grown?'),(6583,4356,1,'What crop was grown before this wheat crop?'),(6584,4356,3,'What crop was grown before this wheat crop?'),(6585,4357,1,'What was the grain yield on a dry weight basis of the previous rice crop?'),(6586,4357,3,'What was the grain yield on a dry weight basis of the previous rice crop?'),(6587,4358,1,'What was the grain yield on a dry weight basis of the previous maize crop?'),(6588,4358,3,'What was the grain yield on a dry weight basis of the previous maize crop?'),(6589,4359,1,'What was the grain yield on a dry weight basis of the previous wheat crop?'),(6590,4359,3,'What was the grain yield on a dry weight basis of the previous wheat crop?'),(6591,4360,1,'What was the grain yield on a dry weight basis of the previous legume crop?'),(6592,4360,3,'What was the grain yield on a dry weight basis of the previous legume crop?'),(6593,4361,1,'Select the month in which rice is sown in the seedbed'),(6594,4361,3,'Select the month in which rice is sown in the seedbed'),(6595,4362,1,'How was [[GrownBeforeCropAnswer]] harvested before this rice crop?'),(6596,4362,3,'How was [[GrownBeforeCropAnswer]] harvested before this rice crop?'),(6597,4363,1,'How was residue from the previous [[GrownBeforeCropAnswer]] crop managed?'),(6598,4363,3,'How was residue from the previous [[GrownBeforeCropAnswer]] crop managed?'),(6599,4364,1,'How was straw from the previous [[GrownBeforeCropAnswer]] crop managed?'),(6600,4364,3,'How was straw from the previous [[GrownBeforeCropAnswer]] crop managed?'),(6601,4365,1,'What height of [[GrownBeforeCropAnswer]] stems was left in the field before this rice crop?'),(6602,4365,3,'What height of [[GrownBeforeCropAnswer]] stems was left in the field before this rice crop?'),(6603,4366,1,'How was straw from the previous [[GrownBeforeCropAnswer]] crop managed?'),(6604,4366,3,'How was straw from the previous [[GrownBeforeCropAnswer]] crop managed?'),(6605,4367,1,'What is your source of phosphorus fertilizer?'),(6606,4367,3,'What is your source of phosphorus fertilizer?'),(6607,4368,1,'What is the nutrient content listed on the bag of NPK fertilizer?'),(6608,4368,3,'What is the nutrient content listed on the bag of NPK fertilizer?'),(6609,4372,1,'Select the month in which rice is sown in the field'),(6610,4372,3,'Select the month in which rice is sown in the field'),(6611,4376,1,'What is the growth duration for the selected rice variety from the date of sowing in the seed bed in ([[SownSeedBedAnswer]]) to harvest?'),(6612,4376,3,'What is the growth duration for the selected rice variety from the date of sowing in the seed bed in ([[SownSeedBedAnswer]]) to harvest?'),(6613,4377,1,'What is the growth duration for the selected rice variety from the date of sowing in the field in ([[SownSeedBedAnswer]]) to harvest?'),(6614,4377,3,'What is the growth duration for the selected rice variety from the date of sowing in the field in ([[SownSeedBedAnswer]]) to harvest?'),(6615,4378,1,'What is the approximate seedling age at transplanting?'),(6616,4378,3,'What is the approximate seedling age at transplanting?'),(6617,4379,1,'What is the expected grain yield for rice on a dry weight basis?'),(6618,4379,3,'What is the expected grain yield for rice on a dry weight basis?'),(6619,4380,1,'What is the size of the field on which rice is grown?'),(6620,4380,3,'What is the size of the field on which rice is grown?'),(6621,4381,1,'Where is the plot?'),(6622,4381,3,'Where is the plot?'),(6623,4384,1,'Have you grown hybrid maize in your [[fieldSize]] decimal plot in the [[season]] season within the past two years?'),(6624,4384,3,'Have you grown hybrid maize in your [[fieldSize]] decimal plot in the [[season]] season within the past two years?'),(6625,4385,1,'What is your planned spacing of maize seed between rows in the upcoming [[season]]?'),(6626,4385,3,'What is your planned spacing of maize seed between rows in the upcoming [[season]]?'),(6627,4386,1,'What is your planned spacing of maize seed in a row in the upcoming [[season]]?'),(6628,4386,3,'What is your planned spacing of maize seed in a row in the upcoming [[season]]?'),(6629,4387,1,'How much sun-dried, shelled hybrid maize do you typically harvest from your [[fieldSize]] decimal plot in the [[season]] season with [[week]] planting?'),(6630,4387,3,'How much sun-dried, shelled hybrid maize do you typically harvest from your [[fieldSize]] decimal plot in the [[season]] season with [[week]] planting?'),(6631,4388,1,'What crop was grown before the upcoming [[season]] maize crop?'),(6632,4388,3,'What crop was grown before the upcoming [[season]] maize crop?'),(6633,4390,1,'Which best describes how kharif 1 maize will be grown?'),(6634,4390,3,'Which best describes how kharif 1 maize will be grown?'),(6635,4391,1,'How much fertilizer did you apply to potato for your [[fieldSize]] decimal plot?'),(6636,4391,3,'How much fertilizer did you apply to potato for your [[fieldSize]] decimal plot?'),(6637,4392,1,'For other fertilizer source, indicate fertilizer analysis listed on the bag:'),(6638,4392,3,'For other fertilizer source, indicate fertilizer analysis listed on the bag:'),(6639,4394,1,'What height of rice stems was left in your plot after harvest of aman rice?'),(6640,4394,3,'What height of rice stems was left in your plot after harvest of aman rice?'),(6641,4395,1,'Based on experience in past years, what do you anticipate for the upcoming rabi maize?'),(6642,4395,3,'Based on experience in past years, what do you anticipate for the upcoming rabi maize?'),(6643,4396,1,'Which best describes the soil in your plot?'),(6644,4396,3,'Which best describes the soil in your plot?'),(6645,4397,1,'Will you apply organic materials to your [[fieldSize]] decimal plot this upcoming [[season]]?'),(6646,4397,3,'Will you apply organic materials to your [[fieldSize]] decimal plot this upcoming [[season]]?'),(6647,4398,1,'Select the organic materials to be applied in your [[fieldSize]] decimal plot and indicate the total weight of organic materials in kg.'),(6648,4398,3,'Select the organic materials to be applied in your [[fieldSize]] decimal plot and indicate the total weight of organic materials in kg.'),(6649,4399,1,'Which P-containing fertilizer will you use this upcoming rabi?'),(6650,4399,3,'Which P-containing fertilizer will you use this upcoming rabi?'),(6651,4400,1,'Did you answer the questions through an interview of a farmer who wants to receive a recommendation?'),(6652,4400,3,'Did you answer the questions through an interview of a farmer who wants to receive a recommendation?'),(6653,4401,1,'In your opinion, what is the landscape position of the farmer\'s plot?'),(6654,4401,3,'In your opinion, what is the landscape position of the farmer\'s plot?'),(6655,4402,1,'Based on your experience, which of the following are typically recommended for [[season]] maize at the location of the farmer\'s plot? (Multiple selections allowed)'),(6656,4402,3,'Based on your experience, which of the following are typically recommended for [[season]] maize at the location of the farmer\'s plot? (Multiple selections allowed)'),(6657,4403,1,'What maize variety will you grow for the upcoming [[season]]?'),(6658,4403,3,'What maize variety will you grow for the upcoming [[season]]?'),(6659,4405,1,'How much sun-dried, unmilled rice do you typically harvest from your [[fieldSize]] decimal plot in aman?'),(6660,4405,3,'How much sun-dried, unmilled rice do you typically harvest from your [[fieldSize]] decimal plot in aman?'),(6661,4406,1,'Have you, before this interview, received information on maize cultivation practices from an extension worker or input supplier?'),(6662,4406,3,'Have you, before this interview, received information on maize cultivation practices from an extension worker or input supplier?'),(6663,4407,1,'Select the following that provided you with information on maize cultivation pracitices. (Multiple selections allowed)'),(6664,4407,3,'Select the following that provided you with information on maize cultivation pracitices. (Multiple selections allowed)'),(6665,4409,1,'Did you find the information on maize cultivation sufficiently valuable that you used it?'),(6666,4409,3,'Did you find the information on maize cultivation sufficiently valuable that you used it?'),(6667,4421,1,'Information about the person operating Maize Crop Manager'),(6668,4421,3,'Information about the person operating Maize Crop Manager'),(6669,4423,1,'Do you reside in Bangladesh?'),(6670,4423,3,'Do you reside in Bangladesh?'),(6671,4424,1,'Profession'),(6672,4424,3,'Profession'),(6673,4426,1,'How do you name the maize plot for identification?'),(6674,4426,3,'How do you name the maize plot for identification?'),(6675,4428,1,'How much yield of fresh potato tuber did you harvest from your [[fieldSize]] decimal plot before this kharif 1 maize?'),(6676,4428,3,'How much yield of fresh potato tuber did you harvest from your [[fieldSize]] decimal plot before this kharif 1 maize?'),(6677,4429,1,'Based on experience in past years, do you anticipate drought for the upcoming kharif 1 maize crop?'),(6678,4429,3,'Based on experience in past years, do you anticipate drought for the upcoming kharif 1 maize crop?'),(6679,4430,1,'How do you manage the potato vines at harvest?'),(6680,4430,3,'How do you manage the potato vines at harvest?'),(6681,4431,1,'Based on experience in past years, which best describes the occurrence of yield loss due to soil waterlogging during grain filling?'),(6682,4431,3,'Based on experience in past years, which best describes the occurrence of yield loss due to soil waterlogging during grain filling?'),(6683,4432,1,'What is the growth duration of maize to be grown?'),(6684,4432,3,'What is the growth duration of maize to be grown?'),(6685,4433,1,'What is the size of the plot?'),(6686,4433,3,'What is the size of the plot?'),(6687,4434,1,'For which upcoming season do you need a recommendation?'),(6688,4434,3,'For which upcoming season do you need a recommendation?'),(6689,4435,1,'What is the position of your plot in the landscape?'),(6690,4435,3,'What is the position of your plot in the landscape?'),(6691,4436,1,'When will you plant [[season]] maize?'),(6692,4436,3,'When will you plant [[season]] maize?');
/*!40000 ALTER TABLE `questionnaire_item_question` ENABLE KEYS */;
UNLOCK TABLES;

--
-- Table structure for table `questionnaire_item_route`
--

DROP TABLE IF EXISTS `questionnaire_item_route`;
/*!40101 SET @saved_cs_client     = @@character_set_client */;
/*!40101 SET character_set_client = utf8 */;
CREATE TABLE `questionnaire_item_route` (
  `id` int(11) NOT NULL AUTO_INCREMENT,
  `questionnaire_item_id` int(11) NOT NULL,
  `questionnaire_item_id_route` int(11) DEFAULT NULL,
  PRIMARY KEY (`id`),
  KEY `index2` (`questionnaire_item_id`),
  CONSTRAINT `fk_questionnaire_item_route_1` FOREIGN KEY (`questionnaire_item_id`) REFERENCES `questionnaire_item` (`id`) ON DELETE CASCADE ON UPDATE NO ACTION
) ENGINE=InnoDB AUTO_INCREMENT=4594 DEFAULT CHARSET=latin1;
/*!40101 SET character_set_client = @saved_cs_client */;

--
-- Dumping data for table `questionnaire_item_route`
--

LOCK TABLES `questionnaire_item_route` WRITE;
/*!40000 ALTER TABLE `questionnaire_item_route` DISABLE KEYS */;
INSERT INTO `questionnaire_item_route` VALUES (4247,4187,4188),(4248,4188,4199),(4249,4189,4190),(4250,4190,4191),(4251,4191,4192),(4252,4191,4193),(4253,4191,4195),(4254,4192,4194),(4255,4193,4194),(4256,4194,4196),(4257,4195,4196),(4258,4196,4197),(4259,4197,4198),(4260,4197,4202),(4261,4198,4200),(4262,4198,4201),(4263,4199,4210),(4264,4200,4202),(4265,4201,4202),(4266,4202,4203),(4267,4202,4204),(4268,4202,4205),(4269,4203,4206),(4270,4204,4206),(4271,4205,4206),(4272,4206,4207),(4273,4206,4208),(4274,4206,4209),(4275,4207,4208),(4276,4207,4209),(4277,4208,4209),(4278,4209,4211),(4279,4210,4221),(4280,4211,4212),(4281,4212,4213),(4282,4213,4214),(4283,4214,4215),(4284,4214,0),(4285,4215,4216),(4286,4216,4217),(4287,4217,4218),(4288,4218,4219),(4289,4219,4220),(4290,4220,4222),(4291,4221,4229),(4292,4222,4223),(4293,4223,4224),(4294,4224,4225),(4295,4225,4226),(4296,4225,4227),(4297,4226,4227),(4298,4227,4228),(4299,4229,4230),(4300,4229,4231),(4301,4230,4232),(4302,4231,4232),(4303,4232,4233),(4304,4233,4189),(4449,4338,4339),(4450,4338,4340),(4451,4338,4349),(4452,4339,4350),(4453,4340,4341),(4454,4341,4342),(4455,4342,4343),(4456,4342,4344),(4457,4342,4344),(4458,4342,4345),(4459,4342,4346),(4460,4342,4346),(4461,4343,4347),(4462,4344,4347),(4463,4345,4347),(4464,4346,4347),(4465,4347,4348),(4466,4348,4356),(4467,4349,4352),(4468,4349,4351),(4469,4350,4361),(4470,4350,4372),(4471,4351,4353),(4472,4352,4354),(4473,4353,4354),(4474,4354,4355),(4475,4356,0),(4476,4356,4357),(4477,4356,4358),(4478,4356,4359),(4479,4356,4360),(4480,4357,4362),(4481,4358,4363),(4482,4359,4362),(4483,4360,4363),(4484,4361,4376),(4485,4362,4364),(4486,4362,4365),(4487,4363,4367),(4488,4364,4367),(4489,4365,4366),(4490,4366,4367),(4491,4367,4368),(4492,4367,4371),(4493,4368,4369),(4494,4369,4370),(4495,4370,4371),(4496,4371,4373),(4497,4371,4374),(4498,4371,4374),(4499,4371,4374),(4500,4371,4374),(4501,4371,4374),(4502,4371,4374),(4503,4371,0),(4504,4372,4377),(4505,4373,4375),(4506,4373,4375),(4507,4373,4375),(4508,4373,4375),(4509,4373,4375),(4510,4373,4375),(4511,4373,0),(4512,4374,0),(4513,4375,0),(4514,4376,4378),(4515,4377,4379),(4516,4378,4379),(4517,4379,4380),(4518,4380,4356),(4519,4381,4382),(4520,4382,4393),(4521,4382,4404),(4522,4383,4384),(4523,4384,4385),(4524,4384,4387),(4525,4385,4386),(4526,4386,4388),(4527,4387,4385),(4528,4388,4394),(4529,4388,4395),(4530,4388,4389),(4531,4388,4390),(4532,4388,4391),(4533,4388,4391),(4534,4389,4395),(4535,4389,4391),(4536,4390,4391),(4537,4391,4392),(4538,4391,4428),(4539,4391,4430),(4540,4391,4429),(4541,4392,4428),(4542,4392,4429),(4543,4393,4415),(4544,4394,4395),(4545,4395,4396),(4546,4396,4397),(4547,4397,4398),(4548,4397,4399),(4549,4398,4399),(4550,4399,4400),(4551,4400,4401),(4552,4400,0),(4553,4401,4402),(4554,4402,4403),(4555,4403,4405),(4556,4403,4406),(4557,4403,4432),(4558,4404,4415),(4559,4405,4406),(4560,4406,4407),(4561,4406,4410),(4562,4407,4408),(4563,4407,4409),(4564,4408,4409),(4565,4409,4410),(4566,4410,4411),(4567,4411,4412),(4568,4412,4413),(4569,4413,4414),(4570,4414,4416),(4571,4415,4426),(4572,4416,4417),(4573,4417,4418),(4574,4418,4419),(4575,4419,4420),(4576,4420,4421),(4577,4421,4422),(4578,4422,4423),(4579,4423,4424),(4580,4423,4425),(4581,4424,4425),(4582,4424,0),(4583,4425,4427),(4584,4426,4433),(4585,4428,4430),(4586,4429,4431),(4587,4430,4429),(4588,4431,4396),(4589,4432,4406),(4590,4433,4434),(4591,4434,4435),(4592,4435,4436),(4593,4436,4383);
/*!40000 ALTER TABLE `questionnaire_item_route` ENABLE KEYS */;
UNLOCK TABLES;

--
-- Table structure for table `questionnaire_item_route_clear`
--

DROP TABLE IF EXISTS `questionnaire_item_route_clear`;
/*!40101 SET @saved_cs_client     = @@character_set_client */;
/*!40101 SET character_set_client = utf8 */;
CREATE TABLE `questionnaire_item_route_clear` (
  `id` int(11) NOT NULL AUTO_INCREMENT,
  `questionnaire_item_route_id` int(11) NOT NULL,
  `questionnaire_item_answer_id` int(11) NOT NULL,
  PRIMARY KEY (`id`),
  KEY `index2` (`questionnaire_item_route_id`),
  KEY `index3` (`questionnaire_item_answer_id`),
  CONSTRAINT `fk_questionnaire_item_route_clear_1` FOREIGN KEY (`questionnaire_item_route_id`) REFERENCES `questionnaire_item_route` (`id`) ON DELETE CASCADE ON UPDATE NO ACTION,
  CONSTRAINT `fk_questionnaire_item_route_clear_2` FOREIGN KEY (`questionnaire_item_answer_id`) REFERENCES `questionnaire_item_answer` (`id`) ON DELETE CASCADE ON UPDATE NO ACTION
) ENGINE=InnoDB AUTO_INCREMENT=1337 DEFAULT CHARSET=latin1;
/*!40101 SET character_set_client = @saved_cs_client */;

--
-- Dumping data for table `questionnaire_item_route_clear`
--

LOCK TABLES `questionnaire_item_route_clear` WRITE;
/*!40000 ALTER TABLE `questionnaire_item_route_clear` DISABLE KEYS */;
INSERT INTO `questionnaire_item_route_clear` VALUES (1273,4261,5273),(1274,4262,5272),(1275,4266,5276),(1276,4266,5277),(1277,4267,5275),(1278,4267,5277),(1279,4268,5275),(1280,4268,5276),(1281,4272,5280),(1282,4272,5281),(1283,4273,5281),(1284,4284,5287),(1285,4284,5288),(1286,4284,5295),(1287,4284,5296),(1288,4284,5297),(1289,4284,5298),(1290,4284,5299),(1291,4284,5300),(1292,4284,5289),(1293,4284,5290),(1294,4284,5291),(1295,4284,5292),(1296,4284,5294),(1297,4296,5298),(1298,4299,5303),(1299,4300,5302),(1300,4523,5463),(1301,4523,5464),(1302,4528,5466),(1303,4529,5476),(1304,4529,5466),(1305,4531,5466),(1306,4532,5466),(1307,4532,5467),(1308,4533,5466),(1309,4533,5467),(1310,4548,5480),(1311,4548,5481),(1312,4548,5482),(1313,4548,5483),(1314,4548,5484),(1315,4548,5485),(1316,4552,5488),(1317,4552,5489),(1318,4552,5502),(1319,4552,5504),(1320,4552,5507),(1321,4552,5508),(1322,4552,5506),(1323,4552,5505),(1324,4552,5490),(1325,4552,5492),(1326,4552,5493),(1327,4552,5489),(1328,4552,5495),(1329,4552,5497),(1330,4552,5520),(1331,4552,5498),(1332,4552,5499),(1333,4552,5501),(1334,4552,5500),(1335,4563,5496),(1336,4580,5512);
/*!40000 ALTER TABLE `questionnaire_item_route_clear` ENABLE KEYS */;
UNLOCK TABLES;

--
-- Table structure for table `questionnaire_item_route_condition`
--

DROP TABLE IF EXISTS `questionnaire_item_route_condition`;
/*!40101 SET @saved_cs_client     = @@character_set_client */;
/*!40101 SET character_set_client = utf8 */;
CREATE TABLE `questionnaire_item_route_condition` (
  `id` int(11) NOT NULL AUTO_INCREMENT,
  `questionnaire_item_route_id` int(11) NOT NULL,
  `questionnaire_item_answer_id` int(11) NOT NULL,
  `condition` int(11) NOT NULL,
  `value` text,
  `operator` int(11) DEFAULT NULL,
  PRIMARY KEY (`id`),
  KEY `index2` (`questionnaire_item_route_id`),
  KEY `fk_questionnaire_item_route_condition_2_idx` (`questionnaire_item_answer_id`),
  CONSTRAINT `fk_questionnaire_item_route_condition_1` FOREIGN KEY (`questionnaire_item_route_id`) REFERENCES `questionnaire_item_route` (`id`) ON DELETE CASCADE ON UPDATE NO ACTION,
  CONSTRAINT `fk_questionnaire_item_route_condition_2` FOREIGN KEY (`questionnaire_item_answer_id`) REFERENCES `questionnaire_item_answer` (`id`) ON DELETE CASCADE ON UPDATE NO ACTION
) ENGINE=InnoDB AUTO_INCREMENT=5592 DEFAULT CHARSET=latin1;
/*!40101 SET character_set_client = @saved_cs_client */;

--
-- Dumping data for table `questionnaire_item_route_condition`
--

LOCK TABLES `questionnaire_item_route_condition` WRITE;
/*!40000 ALTER TABLE `questionnaire_item_route_condition` DISABLE KEYS */;
INSERT INTO `questionnaire_item_route_condition` VALUES (5185,4247,5259,1,'{\"id\":\"0\",\"name\":\"Null\"}',0),(5186,4248,5260,1,'{\"id\":\"0\",\"name\":\"Null\"}',0),(5187,4249,5261,1,'{\"id\":\"0\",\"name\":\"Null\"}',0),(5188,4250,5262,1,'{\"id\":\"0\",\"name\":\"Null\"}',0),(5189,4251,5263,3,'{\"id\":\"23074\",\"name\":\"Wet seeding\"}',0),(5190,4252,5263,3,'{\"id\":\"23075\",\"name\":\"Dry seeding\"}',0),(5191,4253,5263,3,'{\"id\":\"23076\",\"name\":\"Mechanical transplanting\"}',0),(5192,4254,5264,1,'{\"id\":\"0\",\"name\":\"Null\"}',0),(5193,4255,5265,1,'{\"id\":\"0\",\"name\":\"Null\"}',0),(5194,4256,5266,1,'{\"id\":\"0\",\"name\":\"Null\"}',0),(5195,4257,5267,1,'{\"id\":\"0\",\"name\":\"Null\"}',0),(5196,4258,5268,1,'{\"id\":\"0\",\"name\":\"Null\"}',0),(5197,4259,5263,3,'{\"id\":\"23074\",\"name\":\"Wet seeding\"}',8),(5198,4259,5263,3,'{\"id\":\"23075\",\"name\":\"Dry seeding\"}',0),(5199,4260,5269,1,'{\"id\":\"0\",\"name\":\"Null\"}',0),(5200,4261,5270,3,'{\"id\":\"23164\",\"name\":\"Kilogram\"}',0),(5201,4262,5270,3,'{\"id\":\"23165\",\"name\":\"Bushel\"}',0),(5202,4263,5271,1,'{\"id\":\"0\",\"name\":\"Null\"}',7),(5203,4264,5272,1,'{\"id\":\"0\",\"name\":\"Null\"}',0),(5204,4265,5273,1,'{\"id\":\"0\",\"name\":\"Null\"}',0),(5205,4266,5274,3,'{\"id\":\"23166\",\"name\":\"Kilogram\"}',0),(5206,4267,5274,3,'{\"id\":\"23167\",\"name\":\"Bushel\"}',0),(5207,4268,5274,3,'{\"id\":\"23168\",\"name\":\"Bag\"}',0),(5208,4269,5275,1,'{\"id\":\"0\",\"name\":\"Null\"}',0),(5209,4270,5276,1,'{\"id\":\"0\",\"name\":\"Null\"}',0),(5210,4271,5277,1,'{\"id\":\"0\",\"name\":\"Null\"}',0),(5211,4272,5278,3,'{\"id\":\"23087\",\"name\":\"Shortage of water during rice growth resulted in yield loss\"}',8),(5212,4272,5262,3,'{\"id\":\"23071\",\"name\":\"Rainfed\"}',0),(5213,4273,5261,3,'{\"id\":\"23066\",\"name\":\"Rice\"}',0),(5214,4274,5278,3,'{\"id\":\"23086\",\"name\":\"Adequate water supply during rice growth; no yield loss from drought\"}',0),(5215,4275,5261,3,'{\"id\":\"23066\",\"name\":\"Rice\"}',0),(5216,4276,5279,1,'{\"id\":\"0\",\"name\":\"Null\"}',0),(5217,4277,5280,1,'{\"id\":\"0\",\"name\":\"Null\"}',0),(5218,4278,5281,1,'{\"id\":\"0\",\"name\":\"Null\"}',0),(5219,4279,5282,1,'{\"id\":\"0\",\"name\":\"Null\"}',0),(5220,4280,5283,1,'{\"id\":\"0\",\"name\":\"Null\"}',0),(5221,4281,5284,1,'{\"id\":\"0\",\"name\":\"Null\"}',0),(5222,4282,5285,1,'{\"id\":\"0\",\"name\":\"Null\"}',0),(5223,4283,5286,3,'{\"id\":\"23096\",\"name\":\"Yes\"}',0),(5224,4284,5286,3,'{\"id\":\"23097\",\"name\":\"No, a recommendation will not be given to a farmer\"}',0),(5225,4285,5287,1,'{\"id\":\"0\",\"name\":\"Null\"}',7),(5226,4286,5288,1,'{\"id\":\"0\",\"name\":\"Null\"}',0),(5227,4287,5289,1,'{\"id\":\"0\",\"name\":\"Null\"}',0),(5228,4290,5292,1,'{\"id\":\"0\",\"name\":\"Null\"}',0),(5229,4291,5293,1,'{\"id\":\"0\",\"name\":\"Null\"}',0),(5230,4292,5294,1,'{\"id\":\"0\",\"name\":\"Null\"}',7),(5231,4293,5295,1,'{\"id\":\"0\",\"name\":\"Null\"}',0),(5232,4294,5296,1,'{\"id\":\"0\",\"name\":\"Null\"}',0),(5233,4295,5297,3,'{\"id\":\"23103\",\"name\":\"Others\"}',0),(5234,4296,5297,1,'{\"id\":\"0\",\"name\":\"Null\"}',0),(5235,4297,5298,1,'{\"id\":\"0\",\"name\":\"Null\"}',0),(5236,4299,5301,3,'{\"id\":\"23162\",\"name\":\"Hectare\"}',7),(5237,4300,5301,3,'{\"id\":\"23163\",\"name\":\"Acre\"}',0),(5238,4301,5302,1,'{\"id\":\"0\",\"name\":\"Null\"}',0),(5239,4302,5303,1,'{\"id\":\"0\",\"name\":\"Null\"}',0),(5240,4303,5304,1,'{\"id\":\"0\",\"name\":\"Null\"}',0),(5241,4304,5305,1,'{\"id\":\"0\",\"name\":\"Null\"}',0),(5412,4449,5413,3,'{\"id\":\"23018\",\"name\":\"Rice\"}',0),(5413,4450,5413,3,'{\"id\":\"23019\",\"name\":\"Maize\"}',0),(5414,4451,5413,3,'{\"id\":\"23020\",\"name\":\"Wheat\"}',0),(5415,4452,5414,1,'{\"id\":\"0\",\"name\":\"Null\"}',0),(5416,4453,5415,1,'{\"id\":\"0\",\"name\":\"Null\"}',0),(5417,4454,5416,1,'{\"id\":\"0\",\"name\":\"Null\"}',0),(5418,4455,5416,3,'{\"id\":\"23107\",\"name\":\"Hybrid\"}',7),(5419,4455,5415,3,'{\"id\":\"23104\",\"name\":\"Rainfed\"}',0),(5420,4456,5415,3,'{\"id\":\"23105\",\"name\":\"Partially irrigated\"}',7),(5421,4456,5416,3,'{\"id\":\"23107\",\"name\":\"Hybrid\"}',0),(5422,4457,5415,3,'{\"id\":\"23106\",\"name\":\"Fully irrigated\"}',7),(5423,4457,5416,3,'{\"id\":\"23107\",\"name\":\"Hybrid\"}',0),(5424,4458,5415,3,'{\"id\":\"23104\",\"name\":\"Rainfed\"}',7),(5425,4458,5416,3,'{\"id\":\"23108\",\"name\":\"Open-pollinated variety\"}',0),(5426,4459,5415,3,'{\"id\":\"23106\",\"name\":\"Fully irrigated\"}',7),(5427,4459,5416,3,'{\"id\":\"23108\",\"name\":\"Open-pollinated variety\"}',0),(5428,4460,5415,3,'{\"id\":\"23105\",\"name\":\"Partially irrigated\"}',7),(5429,4460,5416,3,'{\"id\":\"23108\",\"name\":\"Open-pollinated variety\"}',0),(5430,4461,5419,1,'{\"id\":\"0\",\"name\":\"Null\"}',0),(5431,4462,5420,1,'{\"id\":\"0\",\"name\":\"Null\"}',0),(5432,4463,5421,1,'{\"id\":\"0\",\"name\":\"Null\"}',0),(5433,4464,5422,1,'{\"id\":\"0\",\"name\":\"Null\"}',0),(5434,4465,5423,1,'{\"id\":\"0\",\"name\":\"Null\"}',0),(5435,4466,5424,1,'{\"id\":\"0\",\"name\":\"Null\"}',0),(5436,4467,5425,3,'{\"id\":\"23140\",\"name\":\"Rainfed, no irrigation\"}',0),(5437,4468,5425,3,'{\"id\":\"23141\",\"name\":\"Partial irrigation\"}',8),(5438,4468,5425,3,'{\"id\":\"23142\",\"name\":\"Full irrigation\"}',0),(5439,4469,5426,3,'{\"id\":\"23024\",\"name\":\"Mechanical Transplanting\"}',8),(5440,4469,5426,3,'{\"id\":\"23023\",\"name\":\"Manual Transplanting\"}',0),(5441,4470,5426,3,'{\"id\":\"23025\",\"name\":\"Wet Seeding\"}',8),(5442,4470,5426,3,'{\"id\":\"23026\",\"name\":\"Dry Seeding\"}',0),(5443,4471,5427,1,'{\"id\":\"0\",\"name\":\"Null\"}',0),(5444,4472,5428,1,'{\"id\":\"0\",\"name\":\"Null\"}',0),(5445,4473,5429,1,'{\"id\":\"0\",\"name\":\"Null\"}',0),(5446,4474,5430,1,'{\"id\":\"0\",\"name\":\"Null\"}',0),(5447,4475,5432,3,'{\"id\":\"23061\",\"name\":\"Other\"}',0),(5448,4476,5432,1,'{\"id\":\"23057\",\"name\":\"Rice\"}',0),(5449,4477,5432,3,'{\"id\":\"23058\",\"name\":\"Maize\"}',0),(5450,4478,5432,3,'{\"id\":\"23059\",\"name\":\"Wheat\"}',0),(5451,4479,5432,3,'{\"id\":\"23060\",\"name\":\"Legume\"}',0),(5452,4480,5433,1,'{\"id\":\"0\",\"name\":\"Null\"}',0),(5453,4481,5434,1,'{\"id\":\"0\",\"name\":\"Null\"}',0),(5454,4482,5435,2,'{\"id\":\"0\",\"name\":\"Null\"}',0),(5455,4483,5436,1,'{\"id\":\"0\",\"name\":\"Null\"}',0),(5456,4484,5437,1,'{\"id\":\"0\",\"name\":\"Null\"}',0),(5457,4485,5438,3,'{\"id\":\"23170\",\"name\":\"Combine harvest\"}',8),(5458,4486,5438,3,'{\"id\":\"23169\",\"name\":\"Manual harvest\"}',0),(5459,4487,5439,1,'{\"id\":\"0\",\"name\":\"Null\"}',0),(5460,4488,5440,1,'{\"id\":\"0\",\"name\":\"Null\"}',0),(5461,4489,5441,1,'{\"id\":\"0\",\"name\":\"Null\"}',0),(5462,4490,5442,1,'{\"id\":\"0\",\"name\":\"Null\"}',0),(5463,4491,5443,3,'{\"id\":\"23186\",\"name\":\"NPK\"}',0),(5464,4492,5443,1,'{\"id\":\"0\",\"name\":\"Null\"}',0),(5465,4493,5444,1,'{\"id\":\"0\",\"name\":\"Null\"}',0),(5466,4494,5445,1,'{\"id\":\"0\",\"name\":\"Null\"}',0),(5467,4495,5446,1,'{\"id\":\"0\",\"name\":\"Null\"}',0),(5468,4496,5447,3,'{\"id\":\"23189\",\"name\":\"India\"}',0),(5469,4497,5447,3,'{\"id\":\"23187\",\"name\":\"Bangladesh\"}',7),(5470,4497,5432,3,'{\"id\":\"23057\",\"name\":\"Rice\"}',0),(5471,4498,5447,3,'{\"id\":\"23187\",\"name\":\"Bangladesh\"}',7),(5472,4498,5432,3,'{\"id\":\"23059\",\"name\":\"Wheat\"}',0),(5473,4499,5447,3,'{\"id\":\"23190\",\"name\":\"Indonesia\"}',7),(5474,4499,5432,3,'{\"id\":\"23057\",\"name\":\"Rice\"}',0),(5475,4500,5447,3,'{\"id\":\"23196\",\"name\":\"Philippines\"}',7),(5476,4500,5432,3,'{\"id\":\"23057\",\"name\":\"Rice\"}',0),(5477,4501,5447,3,'{\"id\":\"23196\",\"name\":\"Philippines\"}',7),(5478,4501,5432,3,'{\"id\":\"23058\",\"name\":\"Maize\"}',0),(5479,4502,5447,3,'{\"id\":\"23199\",\"name\":\"Vietnam\"}',0),(5480,4503,5447,1,'{\"id\":\"0\",\"name\":\"Null\"}',0),(5481,4504,5448,1,'{\"id\":\"0\",\"name\":\"Null\"}',0),(5482,4505,5449,3,'{\"id\":\"23204\",\"name\":\"Bihar\"}',7),(5483,4505,5432,3,'{\"id\":\"23058\",\"name\":\"Maize\"}',0),(5484,4506,5449,3,'{\"id\":\"23204\",\"name\":\"Bihar\"}',7),(5485,4506,5432,3,'{\"id\":\"23059\",\"name\":\"Wheat\"}',0),(5486,4507,5449,3,'{\"id\":\"23219\",\"name\":\"Odisha\"}',7),(5487,4507,5432,3,'{\"id\":\"23057\",\"name\":\"Rice\"}',0),(5488,4508,5449,3,'{\"id\":\"23225\",\"name\":\"Uttar Pradesh\"}',7),(5489,4508,5432,3,'{\"id\":\"23057\",\"name\":\"Rice\"}',0),(5490,4509,5449,3,'{\"id\":\"23225\",\"name\":\"Uttar Pradesh\"}',7),(5491,4509,5432,3,'{\"id\":\"23059\",\"name\":\"Wheat\"}',0),(5492,4510,5449,3,'{\"id\":\"23204\",\"name\":\"Bihar\"}',7),(5493,4510,5432,3,'{\"id\":\"23057\",\"name\":\"Rice\"}',0),(5494,4511,5449,1,'{\"id\":\"0\",\"name\":\"Null\"}',0),(5495,4514,5452,1,'{\"id\":\"0\",\"name\":\"Null\"}',0),(5496,4515,5453,1,'{\"id\":\"0\",\"name\":\"Null\"}',0),(5497,4516,5454,1,'{\"id\":\"0\",\"name\":\"Null\"}',0),(5498,4517,5455,1,'{\"id\":\"0\",\"name\":\"Null\"}',0),(5499,4518,5456,1,'{\"id\":\"0\",\"name\":\"Null\"}',0),(5500,4519,5457,1,'{\"id\":\"0\"}',0),(5501,4520,5458,9,'{\"id\":\"20860|||20861|||20862|||20863|||20864|||20865|||20866|||20867|||20868|||20869|||20870|||20871|||20872|||20873|||20874|||20875|||21322|||21323|||21324|||21325|||21326|||21327|||21328|||21329|||21330|||21331|||21332|||21333|||20898|||20899|||20900|||20901|||20902|||20903|||20904|||20905|||20906|||20907|||20908|||20909|||20918|||20919|||20920|||20921|||20922|||20923|||20924|||20925|||21235|||21236|||21237|||21238|||21239|||21240|||21241|||20931|||20932|||20933|||20934|||20935|||20936|||20937|||20938|||20939|||20940|||20941|||20942|||20943|||20944|||21118|||21119|||21120|||21121|||20926|||20927|||20928|||20929|||20930|||21029|||20971|||20972|||20973|||20974|||20975|||21214|||21215|||21216|||21217|||21218|||21219|||21220|||21221|||21222|||21004|||21005|||21006|||21007|||21008|||21009|||21010|||20891|||20892|||20893|||20894|||20895|||20896|||20897|||20998|||20999|||21000|||21001|||21002|||21003|||21021|||21022|||21023|||21024|||21025|||21026|||21027|||21028|||21036|||21037|||21038|||21039|||21040|||21041|||21042|||21043|||21292|||21293|||21294|||21295|||21296|||21297|||21298|||21299|||21300|||21048|||21049|||21050|||21051|||21052|||21053|||20964|||20965|||20966|||20967|||20968|||20969|||20970|||21044|||21045|||21046|||21047|||21067|||21068|||21069|||21070|||21071|||21072|||21073|||21074|||21075|||21274|||21275|||21276|||21277|||21278|||21279|||21280|||21098|||21099|||21100|||21101|||21102|||21103|||21114|||21115|||21116|||21117|||20910|||20911|||20912|||20913|||20914|||20915|||20916|||20917|||21122|||21129|||21130|||21131|||21132|||21133|||21134|||21135|||20945|||20946|||20947|||20948|||20949|||20950|||20951|||20952|||20953|||20954|||20955|||20956|||20957|||20958|||20959|||20960|||20961|||20962|||20963|||21157|||21158|||21159|||21160|||21161|||21162|||21163|||21164|||21165|||21166|||21167|||21168|||21169|||21170|||21011|||21012|||21013|||21014|||21015|||21016|||21017|||21018|||21019|||21020|||21182|||21183|||21184|||21185|||21186|||21054|||21055|||21056|||21057|||21058|||21059|||21060|||21061|||21062|||21063|||21064|||21065|||21066|||21223|||21224|||21225|||21226|||21227|||21230|||21104|||21105|||21106|||21107|||21108|||21109|||21110|||21111|||21112|||21113|||21256|||21257|||21258|||21259|||21260|||21261|||21262|||21263|||21264|||21265|||21136|||21137|||21138|||21139|||21140|||21141|||21142|||21143|||21144|||21281|||21282|||21283|||21284|||21285|||21286|||21287|||21288|||21289|||21290|||21291|||21301|||21302|||21303|||21304|||21305|||21306|||21307|||21308|||21309|||21310|||21311|||21312|||21313|||21314|||21315|||21316|||21317|||21318|||21319|||21320|||21321|||21204|||21205|||21206|||21207|||21208|||21209|||21210|||21211|||21212|||21213|||21334|||21335|||21336|||21337|||21338\"}',0),(5502,4521,5458,10,'{\"id\":\"20860|||20861|||20862|||20863|||20864|||20865|||20866|||20867|||20868|||20869|||20870|||20871|||20872|||20873|||20874|||20875|||21322|||21323|||21324|||21325|||21326|||21327|||21328|||21329|||21330|||21331|||21332|||21333|||20898|||20899|||20900|||20901|||20902|||20903|||20904|||20905|||20906|||20907|||20908|||20909|||20918|||20919|||20920|||20921|||20922|||20923|||20924|||20925|||21235|||21236|||21237|||21238|||21239|||21240|||21241|||20931|||20932|||20933|||20934|||20935|||20936|||20937|||20938|||20939|||20940|||20941|||20942|||20943|||20944|||21118|||21119|||21120|||21121|||20926|||20927|||20928|||20929|||20930|||21029|||20971|||20972|||20973|||20974|||20975|||21214|||21215|||21216|||21217|||21218|||21219|||21220|||21221|||21222|||21004|||21005|||21006|||21007|||21008|||21009|||21010|||20891|||20892|||20893|||20894|||20895|||20896|||20897|||20998|||20999|||21000|||21001|||21002|||21003|||21021|||21022|||21023|||21024|||21025|||21026|||21027|||21028|||21036|||21037|||21038|||21039|||21040|||21041|||21042|||21043|||21292|||21293|||21294|||21295|||21296|||21297|||21298|||21299|||21300|||21048|||21049|||21050|||21051|||21052|||21053|||20964|||20965|||20966|||20967|||20968|||20969|||20970|||21044|||21045|||21046|||21047|||21067|||21068|||21069|||21070|||21071|||21072|||21073|||21074|||21075|||21274|||21275|||21276|||21277|||21278|||21279|||21280|||21098|||21099|||21100|||21101|||21102|||21103|||21114|||21115|||21116|||21117|||20910|||20911|||20912|||20913|||20914|||20915|||20916|||20917|||21122|||21129|||21130|||21131|||21132|||21133|||21134|||21135|||20945|||20946|||20947|||20948|||20949|||20950|||20951|||20952|||20953|||20954|||20955|||20956|||20957|||20958|||20959|||20960|||20961|||20962|||20963|||21157|||21158|||21159|||21160|||21161|||21162|||21163|||21164|||21165|||21166|||21167|||21168|||21169|||21170|||21011|||21012|||21013|||21014|||21015|||21016|||21017|||21018|||21019|||21020|||21182|||21183|||21184|||21185|||21186|||21054|||21055|||21056|||21057|||21058|||21059|||21060|||21061|||21062|||21063|||21064|||21065|||21066|||21223|||21224|||21225|||21226|||21227|||21230|||21104|||21105|||21106|||21107|||21108|||21109|||21110|||21111|||21112|||21113|||21256|||21257|||21258|||21259|||21260|||21261|||21262|||21263|||21264|||21265|||21136|||21137|||21138|||21139|||21140|||21141|||21142|||21143|||21144|||21281|||21282|||21283|||21284|||21285|||21286|||21287|||21288|||21289|||21290|||21291|||21301|||21302|||21303|||21304|||21305|||21306|||21307|||21308|||21309|||21310|||21311|||21312|||21313|||21314|||21315|||21316|||21317|||21318|||21319|||21320|||21321|||21204|||21205|||21206|||21207|||21208|||21209|||21210|||21211|||21212|||21213|||21334|||21335|||21336|||21337|||21338\"}',0),(5503,4522,5459,1,'{\"id\":\"0\"}',0),(5504,4523,5460,3,'{\"id\":\"22949\",\"name\":\"No\"}',0),(5505,4524,5460,3,'{\"id\":\"22948\",\"name\":\"Yes\"}',0),(5506,4525,5461,1,'{\"id\":\"0\"}',0),(5507,4526,5462,1,'{\"id\":\"0\"}',0),(5508,4527,5463,1,'{\"id\":\"0\"}',7),(5509,4527,5464,1,'{\"id\":\"0\"}',0),(5510,4528,5465,1,'{\"id\":\"0\"}',7),(5511,4528,5465,2,'{\"id\":\"22952\"}',0),(5512,4529,5465,3,'{\"id\":\"22952\",\"name\":\"Fallow, no crop\"}',0),(5513,4530,5465,3,'{\"id\":\"22953\",\"name\":\"Others\"}',8),(5514,4530,5465,3,'{\"id\":\"22957\",\"name\":\"Others\"}',0),(5515,4531,5465,3,'{\"id\":\"22954\",\"name\":\"Potato\"}',0),(5516,4532,5465,1,'{\"id\":\"22954\"}',7),(5517,4532,5465,2,'{\"id\":\"22953\"}',8),(5518,4533,5465,1,'{\"id\":\"22954\"}',7),(5519,4533,5465,2,'{\"id\":\"22957\"}',0),(5520,4534,5466,1,'{\"id\":\"0\",\"name\":\"Null\"}',7),(5521,4534,5523,3,'{\"id\":\"22910\",\"name\":\"Rabi\"}',0),(5522,4535,5466,1,'{\"id\":\"0\",\"name\":\"Null\"}',7),(5523,4535,5523,3,'{\"id\":\"22911\",\"name\":\"Kharif 1\"}',0),(5524,4536,5467,1,'{\"id\":\"0\",\"name\":\"Null\"}',0),(5525,4537,5470,1,'{\"id\":\"0\",\"name\":\"Null\"}',0),(5526,4538,5465,3,'{\"id\":\"22954\",\"name\":\"Potato\"}',7),(5527,4538,5467,3,'{\"id\":\"22958\",\"name\":\"Maize will be planted after potato is harvested.\"}',0),(5528,4539,5465,3,'{\"id\":\"22954\",\"name\":\"Potato\"}',7),(5529,4539,5467,3,'{\"id\":\"22959\",\"name\":\"Maize will be planted before potato is harvested.\"}',0),(5530,4540,5465,1,'{\"id\":\"22954\",\"name\":\"Potato\"}',0),(5531,4541,5465,3,'{\"id\":\"22954\",\"name\":\"Potato\"}',7),(5532,4541,5467,3,'{\"id\":\"22958\",\"name\":\"Maize will be planted after potato is harvested.\"}',0),(5533,4542,5465,1,'{\"id\":\"22954\",\"name\":\"Potato\"}',0),(5534,4543,5475,1,'{\"id\":\"0\"}',0),(5535,4544,5476,1,'{\"id\":\"0\",\"name\":\"Null\"}',0),(5536,4545,5477,1,'{\"id\":\"0\",\"name\":\"Null\"}',0),(5537,4546,5478,1,'{\"id\":\"0\",\"name\":\"Null\"}',0),(5538,4547,5479,3,'{\"id\":\"22948\",\"name\":\"Yes\"}',0),(5539,4548,5479,3,'{\"id\":\"22949\",\"name\":\"No\"}',0),(5540,4549,5480,1,'{\"id\":\"0\",\"name\":\"Null\"}',8),(5541,4549,5481,4,'{\"id\":\"0\",\"name\":\"Null\"}',8),(5542,4549,5482,4,'{\"id\":\"0\",\"name\":\"Null\"}',8),(5543,4549,5483,4,'{\"id\":\"0\",\"name\":\"Null\"}',8),(5544,4549,5484,4,'{\"id\":\"0\",\"name\":\"Null\"}',8),(5545,4549,5485,4,'{\"id\":\"0\",\"name\":\"Null\"}',0),(5546,4550,5486,1,'{\"id\":\"0\",\"name\":\"Null\"}',0),(5547,4551,5487,3,'{\"id\":\"22948\",\"name\":\"Yes\"}',0),(5548,4552,5487,3,'{\"id\":\"22949\",\"name\":\"No\"}',0),(5549,4553,5488,1,'{\"id\":\"0\",\"name\":\"Null\"}',0),(5550,4554,5489,1,'{\"id\":\"0\",\"name\":\"Null\"}',0),(5551,4555,5490,1,'{\"id\":\"0\",\"name\":\"Null\"}',7),(5552,4555,5465,1,'{\"id\":\"0\",\"name\":\"Null\"}',7),(5553,4555,5465,2,'{\"id\":\"22952\",\"name\":\"Fallow, no crop\"}',7),(5554,4555,5523,3,'{\"id\":\"22910\",\"name\":\"Rabi\"}',0),(5555,4556,5490,1,'{\"id\":\"0\",\"name\":\"Null\"}',7),(5556,4556,5465,1,'{\"id\":\"22951\",\"name\":\"Late aman\"}',7),(5557,4556,5523,3,'{\"id\":\"22910\",\"name\":\"Rabi\"}',0),(5558,4557,5490,1,'{\"id\":\"0\",\"name\":\"Null\"}',7),(5559,4557,5523,3,'{\"id\":\"22911\",\"name\":\"Kharif 1\"}',0),(5560,4558,5491,1,'{\"id\":\"0\"}',0),(5561,4559,5492,1,'{\"id\":\"0\",\"name\":\"Null\"}',7),(5562,4559,5493,1,'{\"id\":\"0\",\"name\":\"Null\"}',0),(5563,4560,5494,3,'{\"id\":\"22948\",\"name\":\"Yes\"}',0),(5564,4561,5494,3,'{\"id\":\"22949\",\"name\":\"No\"}',0),(5565,4562,5495,11,'{\"id\":\"22981\",\"name\":\"Others\"}',0),(5566,4563,5495,12,'{\"id\":\"22981\",\"name\":\"Others\"}',0),(5567,4564,5496,1,'{\"id\":\"0\",\"name\":\"Null\"}',0),(5568,4565,5497,1,'{\"id\":\"0\",\"name\":\"Null\"}',0),(5569,4566,5498,1,'{\"id\":\"0\",\"name\":\"Null\"}',0),(5570,4567,5499,1,'{\"id\":\"0\",\"name\":\"Null\"}',0),(5571,4569,5501,1,'{\"id\":\"0\",\"name\":\"Null\"}',0),(5572,4570,5502,1,'{\"id\":\"0\",\"name\":\"Null\"}',0),(5573,4571,5503,1,'{\"id\":\"0\"}',0),(5574,4577,5509,1,'{\"id\":\"0\",\"name\":\"Null\"}',0),(5575,4578,5510,1,'{\"id\":\"0\",\"name\":\"Null\"}',0),(5576,4579,5511,3,'{\"id\":\"22948\",\"name\":\"Yes\"}',0),(5577,4580,5511,3,'{\"id\":\"22949\",\"name\":\"No\"}',0),(5578,4581,5512,1,'{\"id\":\"0\",\"name\":\"Null\"}',7),(5579,4581,5512,2,'{\"id\":\"23007\",\"name\":\"Others, please specify\"}',0),(5580,4582,5512,3,'{\"id\":\"23007\",\"name\":\"Others, please specify\"}',0),(5581,4584,5514,1,'{\"id\":\"0\"}',0),(5582,4585,5516,4,'{\"id\":\"0\",\"name\":\"Null\"}',0),(5583,4586,5517,1,'{\"id\":\"0\",\"name\":\"Null\"}',0),(5584,4587,5518,1,'{\"id\":\"0\",\"name\":\"Null\"}',0),(5585,4588,5519,1,'{\"id\":\"0\",\"name\":\"Null\"}',0),(5586,4589,5520,1,'{\"id\":\"0\",\"name\":\"Null\"}',0),(5587,4590,5521,1,'{\"id\":\"0\"}',7),(5588,4590,5522,1,'{\"id\":\"0\"}',0),(5589,4591,5523,1,'{\"id\":\"0\"}',0),(5590,4592,5524,1,'{\"id\":\"0\"}',0),(5591,4593,5525,1,'{\"id\":\"0\"}',0);
/*!40000 ALTER TABLE `questionnaire_item_route_condition` ENABLE KEYS */;
UNLOCK TABLES;

--
-- Table structure for table `questionnaire_languages`
--

DROP TABLE IF EXISTS `questionnaire_languages`;
/*!40101 SET @saved_cs_client     = @@character_set_client */;
/*!40101 SET character_set_client = utf8 */;
CREATE TABLE `questionnaire_languages` (
  `id` int(11) NOT NULL AUTO_INCREMENT,
  `questionnaire_id` int(11) NOT NULL,
  `languages_id` int(11) NOT NULL,
  PRIMARY KEY (`id`),
  KEY `index2` (`questionnaire_id`,`languages_id`),
  KEY `fk_questionnaire_languages_1_idx` (`languages_id`),
  CONSTRAINT `fk_questionnaire_languages_1` FOREIGN KEY (`languages_id`) REFERENCES `languages` (`id`) ON DELETE CASCADE ON UPDATE NO ACTION,
  CONSTRAINT `fk_questionnaire_languages_2` FOREIGN KEY (`questionnaire_id`) REFERENCES `questionnaire` (`id`) ON DELETE CASCADE ON UPDATE NO ACTION
) ENGINE=InnoDB AUTO_INCREMENT=334 DEFAULT CHARSET=latin1;
/*!40101 SET character_set_client = @saved_cs_client */;

--
-- Dumping data for table `questionnaire_languages`
--

LOCK TABLES `questionnaire_languages` WRITE;
/*!40000 ALTER TABLE `questionnaire_languages` DISABLE KEYS */;
INSERT INTO `questionnaire_languages` VALUES (332,2,1),(333,2,3),(330,5,1),(331,5,3),(322,6,1),(323,6,4);
/*!40000 ALTER TABLE `questionnaire_languages` ENABLE KEYS */;
UNLOCK TABLES;

--
-- Table structure for table `roles`
--

DROP TABLE IF EXISTS `roles`;
/*!40101 SET @saved_cs_client     = @@character_set_client */;
/*!40101 SET character_set_client = utf8 */;
CREATE TABLE `roles` (
  `id` int(11) NOT NULL AUTO_INCREMENT,
  `name` varchar(45) NOT NULL,
  `enabled` tinyint(4) NOT NULL DEFAULT '1',
  PRIMARY KEY (`id`)
) ENGINE=InnoDB AUTO_INCREMENT=3 DEFAULT CHARSET=latin1;
/*!40101 SET character_set_client = @saved_cs_client */;

--
-- Dumping data for table `roles`
--

LOCK TABLES `roles` WRITE;
/*!40000 ALTER TABLE `roles` DISABLE KEYS */;
INSERT INTO `roles` VALUES (1,'Administrator',1),(2,'User',1);
/*!40000 ALTER TABLE `roles` ENABLE KEYS */;
UNLOCK TABLES;

--
-- Table structure for table `sessions`
--

DROP TABLE IF EXISTS `sessions`;
/*!40101 SET @saved_cs_client     = @@character_set_client */;
/*!40101 SET character_set_client = utf8 */;
CREATE TABLE `sessions` (
  `id` varchar(32) NOT NULL,
  `access` int(10) unsigned DEFAULT NULL,
  `data` text,
  PRIMARY KEY (`id`)
) ENGINE=InnoDB DEFAULT CHARSET=latin1;
/*!40101 SET character_set_client = @saved_cs_client */;

--
-- Dumping data for table `sessions`
--

LOCK TABLES `sessions` WRITE;
/*!40000 ALTER TABLE `sessions` DISABLE KEYS */;
INSERT INTO `sessions` VALUES ('229s67bhqdkgsdaetmkmdgd4a5',1442159587,''),('37i2v9u7a5f2gfa6r02df8q100',1445757175,'userId|s:1:\"6\";userName|s:13:\"Administrator\";userRole|s:1:\"1\";realName|s:13:\"Administrator\";'),('54ft5bovdpfhl5u8qac8ep3ll1',1445098367,'userId|s:1:\"6\";userName|s:13:\"Administrator\";userRole|s:1:\"1\";realName|s:13:\"Administrator\";'),('5u86243b4iuhhu95mcmrt2e6k5',1442843797,''),('6aij1sukl5ucanto5ro5hlks77',1442158615,''),('6k4mdktvmu4t4g2n68bggdp854',1442154165,''),('6k959veknv95i90iimonbb81f1',1445097311,'userId|s:1:\"6\";userName|s:13:\"Administrator\";userRole|s:1:\"1\";realName|s:13:\"Administrator\";'),('6s0e8j8o5rcctm277sa3m96615',1442323507,'userId|s:1:\"6\";userName|s:13:\"Administrator\";userRole|s:1:\"1\";realName|s:13:\"Administrator\";'),('79u17p1l4ukgkmfusi48m68ep7',1445655908,'userId|s:1:\"6\";userName|s:13:\"Administrator\";userRole|s:1:\"1\";realName|s:13:\"Administrator\";'),('7lm0pb78138heqeh14pjeudhc3',1442774805,'userId|s:1:\"3\";userName|s:8:\"nylbrian\";userRole|s:1:\"1\";realName|s:13:\"Nyl Brian Ong\";'),('8g3l4kdr74auet9ksa9c72u706',1442323478,'userId|s:1:\"3\";userName|s:8:\"nylbrian\";userRole|s:1:\"1\";realName|s:13:\"Nyl Brian Ong\";'),('8ok6t3anuh8u2javivboohrhq5',1442329166,'userId|s:1:\"3\";userName|s:8:\"nylbrian\";userRole|s:1:\"1\";realName|s:13:\"Nyl Brian Ong\";'),('904hoolcfgfo6dk2osbarsd7q5',1442328465,'userId|s:1:\"6\";userName|s:13:\"Administrator\";userRole|s:1:\"1\";realName|s:13:\"Administrator\";'),('952fkl7nnp1ltib15c69vgq4k1',1442157095,''),('9u5t592oh6jhcr5m5hb0ivu2s4',1444955747,''),('f64b499toukebaf56p2md0ccp1',1470493290,'userId|s:1:\"6\";userName|s:13:\"Administrator\";userRole|s:1:\"1\";realName|s:13:\"Administrator\";'),('juu6e6aesbbsmp18au5akpelj7',1456837313,'userId|s:1:\"6\";userName|s:13:\"Administrator\";userRole|s:1:\"1\";realName|s:13:\"Administrator\";'),('ooar9a3o5ejb3b71uodamqvh66',1447252002,'userId|s:1:\"6\";userName|s:13:\"Administrator\";userRole|s:1:\"1\";realName|s:13:\"Administrator\";');
/*!40000 ALTER TABLE `sessions` ENABLE KEYS */;
UNLOCK TABLES;

--
-- Table structure for table `users`
--

DROP TABLE IF EXISTS `users`;
/*!40101 SET @saved_cs_client     = @@character_set_client */;
/*!40101 SET character_set_client = utf8 */;
CREATE TABLE `users` (
  `id` int(11) NOT NULL AUTO_INCREMENT,
  `username` varchar(45) NOT NULL,
  `password` varchar(250) NOT NULL,
  `salt` varchar(250) DEFAULT NULL,
  `roles_id` int(11) NOT NULL,
  `name` varchar(150) NOT NULL,
  `enabled` tinyint(4) NOT NULL DEFAULT '1',
  PRIMARY KEY (`id`),
  UNIQUE KEY `username_UNIQUE` (`username`),
  KEY `index3` (`username`),
  KEY `index4` (`enabled`),
  KEY `index5` (`roles_id`),
  CONSTRAINT `fk_users_1` FOREIGN KEY (`roles_id`) REFERENCES `roles` (`id`) ON DELETE CASCADE ON UPDATE NO ACTION
) ENGINE=InnoDB AUTO_INCREMENT=7 DEFAULT CHARSET=latin1;
/*!40101 SET character_set_client = @saved_cs_client */;

--
-- Dumping data for table `users`
--

LOCK TABLES `users` WRITE;
/*!40000 ALTER TABLE `users` DISABLE KEYS */;
INSERT INTO `users` VALUES (3,'nylbrian','ce3a279838efc07c2d28521475ce9656582b0f18','uYzRzUlIFj8r',1,'Nyl Brian Ong',1),(6,'Administrator','9861f40dc9cf229bcf8a624f899ec8c20d61d88f','0eOip323VqqPjEgu1yYiGNTafn2YqReI4cz6EILoAeuu0Wf',1,'Administrator',1);
/*!40000 ALTER TABLE `users` ENABLE KEYS */;
UNLOCK TABLES;
/*!40103 SET TIME_ZONE=@OLD_TIME_ZONE */;

/*!40101 SET SQL_MODE=@OLD_SQL_MODE */;
/*!40014 SET FOREIGN_KEY_CHECKS=@OLD_FOREIGN_KEY_CHECKS */;
/*!40014 SET UNIQUE_CHECKS=@OLD_UNIQUE_CHECKS */;
/*!40101 SET CHARACTER_SET_CLIENT=@OLD_CHARACTER_SET_CLIENT */;
/*!40101 SET CHARACTER_SET_RESULTS=@OLD_CHARACTER_SET_RESULTS */;
/*!40101 SET COLLATION_CONNECTION=@OLD_COLLATION_CONNECTION */;
/*!40111 SET SQL_NOTES=@OLD_SQL_NOTES */;

-- Dump completed on 2017-04-11 21:38:59
